Shape,Shape_Type,Area (m2),Depth (m),Width (m),Weight (kg/m),Ix (m4),Iy (m4),Plastic Mod Xp (m3),Plastic Mod Yp (m3),Cost per Meter (usd)
HSS34X10X1,HSS,0.00762,,,277.07,0.000039936,0.0000055744,0.0009266,0.00043952,504.27
HSS34X10X.875,HSS,0.00673,,,244.88,0.000035776,0.0000050336,0.00082984,0.00039688,445.68
HSS34X10X.750,HSS,0.00582,,,212,0.000031408,0.0000044512,0.00072816,0.0003526,385.84
HSS34X10X.625,HSS,0.00489,,,178.41,0.0000267488,0.00000384384,0.00061992,0.0003034,324.71
HSS30X10X1,HSS,0.00687,,,249.85,0.000028704,0.0000049088,0.0007544,0.00038868,454.73
HSS30X10X.875,HSS,0.00608,,,221.06,0.0000257504,0.0000044512,0.00067732,0.0003526,402.33
HSS30X10X.750,HSS,0.00526,,,191.58,0.0000226304,0.00000396032,0.00059532,0.0003116,348.68
HSS30X10X.625,HSS,0.00443,,,161.4,0.0000193024,0.0000034112,0.0005084,0.00026896,293.75
HSS30X10X.500,HSS,0.00358,,,130.52,0.0000158496,0.00000282464,0.00041656,0.00022304,237.55
HSS24X20X.750,HSS,0.00582,,,212,0.0000206336,0.0000156,0.00067732,0.000615,385.84
HSS24X20X.625,HSS,0.00489,,,178.41,0.0000175552,0.0000132704,0.00057564,0.00052316,324.71
HSS24X20X.500,HSS,0.00395,,,144.13,0.000014352,0.0000108576,0.00047068,0.00042804,262.32
HSS24X20X.375,HSS,0.00299,,,109.15,0.0000109824,0.00000832,0.0003608,0.000328,198.65
HSS24X20X.313,HSS,0.00251,,,91.39,0.0000092768,0.0000070304,0.00030504,0.00027716,166.33
HSS24X18X.750,HSS,0.00554,,,201.79,0.0000190528,0.0000122304,0.00062648,0.00053628,367.26
HSS24X18X.625,HSS,0.00466,,,169.91,0.000016224,0.0000104416,0.000533,0.00045756,309.24
HSS24X18X.500,HSS,0.00376,,,137.32,0.0000132704,0.0000085696,0.00043624,0.00037556,249.92
HSS24X18X.375,HSS,0.00285,,,104.04,0.000010192,0.0000065728,0.00033456,0.00028864,189.35
HSS24X18X.313,HSS,0.00239,,,87.14,0.0000085696,0.0000055328,0.00028208,0.00024272,158.59
HSS24X16X.750,HSS,0.00526,,,191.58,0.000017472,0.00000936,0.000574,0.00046084,348.68
HSS24X16X.625,HSS,0.00443,,,161.4,0.0000148928,0.0000079872,0.00048872,0.0003936,293.75
HSS24X16X.500,HSS,0.00358,,,130.52,0.0000121888,0.0000065728,0.00040016,0.00032308,237.55
HSS24X16X.375,HSS,0.00271,,,98.94,0.00000936,0.0000050336,0.00030832,0.00024928,180.07
HSS24X16X.313,HSS,0.00227,,,82.88,0.000007904,0.0000042848,0.00025912,0.00020992,150.84
HSS24X14X.750,HSS,0.00498,,,181.37,0.0000158912,0.0000069056,0.00052152,0.00038868,330.09
HSS24X14X.625,HSS,0.00419,,,152.89,0.0000135616,0.0000059072,0.00044608,0.00033292,278.26
HSS24X14X.500,HSS,0.00339,,,123.71,0.0000111488,0.0000048672,0.00036572,0.00027388,225.15
HSS24X14X.375,HSS,0.00257,,,93.83,0.0000085696,0.00000375232,0.00028044,0.00021156,170.77
HSS24X14X.313,HSS,0.00216,,,78.63,0.0000072384,0.00000317408,0.0002378,0.00017876,143.11
HSS24X14X.250,HSS,0.00174,,,63.25,0.0000058656,0.00000257504,0.00019188,0.00014514,115.12
HSS24X12X1,HSS,0.00613,,,222.63,0.0000180544,0.0000060736,0.00059368,0.00039852,405.19
HSS24X12X.875,HSS,0.00543,,,197.24,0.0000162656,0.0000054912,0.00053464,0.0003608,358.98
HSS24X12X.750,HSS,0.00471,,,171.16,0.0000143104,0.0000048672,0.00047068,0.0003198,311.51
HSS24X12X.625,HSS,0.00396,,,144.39,0.0000122304,0.00000416,0.0004018,0.00027388,262.79
HSS24X12X.500,HSS,0.00321,,,116.91,0.0000100672,0.00000344864,0.00033128,0.00022632,212.78
HSS24X12X.375,HSS,0.00243,,,88.73,0.0000077376,0.00000267072,0.0002542,0.00017548,161.49
HSS24X12X.313,HSS,0.00204,,,74.38,0.0000065312,0.00000225888,0.00021484,0.000148584,135.37
HSS24X12X.250,HSS,0.00164,,,59.85,0.0000053248,0.00000183872,0.00017384,0.000120704,108.93
HSS24X8X.500,HSS,0.00283,,,103.3,0.000007904,0.00000139776,0.00026076,0.00013776,188.01
HSS24X8X.375,HSS,0.00215,,,78.52,0.0000061152,0.00000109408,0.00020172,0.000107912,142.91
HSS24X8X.313,HSS,0.00181,,,65.87,0.0000052,0.00000093184,0.00017056,0.00009184,119.88
HSS24X8X.250,HSS,0.00146,,,53.05,0.0000042016,0.00000076128,0.000138416,0.000075112,96.55
HSS22X22X1,HSS,0.00762,,,277.07,0.000023088,0.000023088,0.0008282,0.0008282,504.27
HSS22X22X.875,HSS,0.00673,,,244.88,0.0000206752,0.0000206752,0.00074128,0.00074128,445.68
HSS22X22X.750,HSS,0.00582,,,212,0.000018096,0.000018096,0.0006478,0.0006478,385.84
HSS22X22X.625,HSS,0.00489,,,178.41,0.0000154336,0.0000154336,0.00055268,0.00055268,324.71
HSS22X22X.500,HSS,0.00395,,,144.13,0.0000126048,0.0000126048,0.00045264,0.00045264,262.32
HSS22X20X.750,HSS,0.00554,,,201.79,0.0000168064,0.0000145184,0.00060188,0.00057236,367.26
HSS22X20X.625,HSS,0.00466,,,169.91,0.0000143104,0.0000123552,0.00051332,0.00048708,309.24
HSS22X20X.500,HSS,0.00376,,,137.32,0.0000117312,0.0000101504,0.00041984,0.00040016,249.92
HSS22X20X.375,HSS,0.00285,,,104.04,0.0000089856,0.0000077792,0.00032144,0.00030668,189.35
HSS22X20X.313,HSS,0.00239,,,87.14,0.0000075712,0.0000065728,0.00027224,0.00025912,158.59
HSS22X18X.750,HSS,0.00526,,,191.58,0.0000154752,0.0000113568,0.00055432,0.00049856,348.68
HSS22X18X.625,HSS,0.00443,,,161.4,0.0000131872,0.0000096928,0.00047232,0.00042476,293.75
HSS22X18X.500,HSS,0.00358,,,130.52,0.000010816,0.0000079456,0.00038704,0.00034932,237.55
HSS22X18X.375,HSS,0.00271,,,98.94,0.00000832,0.0000061152,0.00029848,0.00026896,180.07
HSS22X18X.313,HSS,0.00227,,,82.88,0.0000069888,0.0000051584,0.00025092,0.00022632,150.84
HSS22X16X.750,HSS,0.00498,,,181.37,0.000014144,0.0000086528,0.00050676,0.0004264,330.09
HSS22X16X.625,HSS,0.00419,,,152.89,0.0000121056,0.0000074048,0.00043296,0.00036572,278.26
HSS22X16X.500,HSS,0.00339,,,123.71,0.0000099008,0.0000061152,0.00035588,0.00030012,225.15
HSS22X16X.375,HSS,0.00257,,,93.83,0.0000076128,0.0000047008,0.00027388,0.00023124,170.77
HSS22X16X.313,HSS,0.00216,,,78.63,0.000006448,0.00000396864,0.00023124,0.00019516,143.11
HSS22X16X.250,HSS,0.00174,,,63.25,0.0000052,0.00000321984,0.00018696,0.000158588,115.12
HSS22X14X.750,HSS,0.00471,,,171.16,0.0000128544,0.0000063648,0.00046084,0.00035916,311.51
HSS22X14X.625,HSS,0.00396,,,144.39,0.0000109824,0.0000054912,0.0003936,0.00030832,262.79
HSS22X14X.500,HSS,0.00321,,,116.91,0.0000090272,0.0000044928,0.00032308,0.0002542,212.78
HSS22X14X.375,HSS,0.00243,,,88.73,0.0000069472,0.00000348192,0.00024928,0.0001968,161.49
HSS22X14X.313,HSS,0.00204,,,74.38,0.0000058656,0.00000294528,0.00020992,0.00016564,135.37
HSS22X14X.250,HSS,0.00164,,,59.85,0.0000047424,0.000002392,0.00017056,0.000134808,108.93
HSS22X10X.625,HSS,0.0035,,,127.37,0.0000087776,0.00000255424,0.00031324,0.00020172,231.81
HSS22X10X.500,HSS,0.00283,,,103.3,0.0000072384,0.0000021216,0.00025912,0.00016728,188.01
HSS22X10X.375,HSS,0.00215,,,78.52,0.0000055744,0.00000165152,0.00020008,0.000130216,142.91
HSS22X10X.313,HSS,0.00181,,,65.87,0.0000047424,0.00000140192,0.00016892,0.000110536,119.88
HSS22X10X.250,HSS,0.00146,,,53.05,0.00000383968,0.000001144,0.000137596,0.0000902,96.55
HSS20X20X1,HSS,0.00687,,,249.85,0.000017056,0.000017056,0.0006724,0.0006724,454.73
HSS20X20X.875,HSS,0.00608,,,221.06,0.0000152672,0.0000152672,0.00060188,0.00060188,402.33
HSS20X20X.750,HSS,0.00526,,,191.58,0.0000134368,0.0000134368,0.00052972,0.00052972,348.68
HSS20X20X.625,HSS,0.00443,,,161.4,0.00001144,0.00001144,0.000451,0.000451,293.75
HSS20X20X.500,HSS,0.00358,,,130.52,0.0000094016,0.0000094016,0.00037064,0.00037064,237.55
HSS20X20X.375,HSS,0.00271,,,98.94,0.0000072384,0.0000072384,0.00028536,0.00028536,180.07
HSS20X20X.313,HSS,0.00227,,,82.88,0.0000060736,0.0000060736,0.00023944,0.00023944,150.84
HSS20X16X.750,HSS,0.00471,,,171.16,0.0000112736,0.0000079872,0.00044444,0.0003936,311.51
HSS20X16X.625,HSS,0.00396,,,144.39,0.0000096512,0.0000068224,0.00038048,0.00033784,262.79
HSS20X16X.500,HSS,0.00321,,,116.91,0.000007904,0.000005616,0.0003116,0.00027716,212.78
HSS20X16X.375,HSS,0.00243,,,88.73,0.0000061152,0.0000043264,0.00024108,0.0002132,161.49
HSS20X16X.313,HSS,0.00204,,,74.38,0.0000051584,0.00000366912,0.00020336,0.0001804,135.37
HSS20X16X.250,HSS,0.00164,,,59.85,0.00000416,0.00000297856,0.000164,0.00014678,108.93
HSS20X12X1,HSS,0.00538,,,195.4,0.0000113984,0.0000051168,0.00044936,0.0003362,355.63
HSS20X12X.875,HSS,0.00477,,,173.43,0.0000103168,0.0000046176,0.00040672,0.00030504,315.64
HSS20X12X.750,HSS,0.00415,,,150.75,0.0000091104,0.00000411008,0.00035916,0.0002706,274.37
HSS20X12X.625,HSS,0.0035,,,127.37,0.0000078208,0.00000354016,0.00030832,0.00023288,231.81
HSS20X12X.500,HSS,0.00283,,,103.3,0.000006448,0.0000029328,0.0002542,0.00019188,188.01
HSS20X12X.375,HSS,0.00215,,,78.52,0.000004992,0.00000227552,0.0001968,0.000149404,142.91
HSS20X12X.313,HSS,0.00181,,,65.87,0.0000042016,0.00000193024,0.00016564,0.000126772,119.88
HSS20X8X1,HSS,0.00464,,,168.18,0.0000085696,0.00000196352,0.00033784,0.00019352,306.09
HSS20X8X.875,HSS,0.00412,,,149.61,0.0000078208,0.00000179712,0.00030832,0.00017712,272.29
HSS20X8X.750,HSS,0.00359,,,130.33,0.0000069472,0.00000161408,0.00027388,0.000159244,237.2
HSS20X8X.625,HSS,0.00303,,,110.36,0.0000059904,0.00000140608,0.00023616,0.000138744,200.86
HSS20X8X.500,HSS,0.00246,,,89.68,0.0000049504,0.00000117728,0.00019516,0.000116112,163.22
HSS20X8X.375,HSS,0.00187,,,68.31,0.00000385216,0.00000092352,0.000151864,0.000091184,124.32
HSS20X8X.313,HSS,0.00157,,,57.36,0.00000326976,0.00000078624,0.000128904,0.000077736,104.4
HSS20X6X.625,HSS,0.0028,,,101.85,0.0000050752,0.000000728,0.00020008,0.000095776,185.37
HSS20X6X.500,HSS,0.00228,,,82.88,0.0000042432,0.00000061568,0.00016728,0.000081016,150.84
HSS20X6X.375,HSS,0.00173,,,63.21,0.00000329472,0.00000049088,0.000129888,0.000064288,115.04
HSS20X6X.313,HSS,0.00146,,,53.11,0.00000279968,0.00000042016,0.000110372,0.000055104,96.66
HSS20X6X.250,HSS,0.00118,,,42.84,0.00000228384,0.000000344864,0.000090036,0.000045264,77.97
HSS20X4X.500,HSS,0.00209,,,76.07,0.00000348608,0.000000244192,0.000137432,0.000048052,138.45
HSS20X4X.375,HSS,0.0016,,,58.1,0.00000273312,0.000000198016,0.000107748,0.000039032,105.74
HSS20X4X.313,HSS,0.00134,,,48.86,0.0000023296,0.000000171392,0.00009184,0.000033784,88.93
HSS20X4X.250,HSS,0.00108,,,39.43,0.00000190528,0.000000142688,0.000075112,0.000028044,71.76
HSS18X18X1,HSS,0.00613,,,222.63,0.0000121472,0.0000121472,0.00053136,0.00053136,405.19
HSS18X18X.875,HSS,0.00543,,,197.24,0.0000109408,0.0000109408,0.00047888,0.00047888,358.98
HSS18X18X.750,HSS,0.00471,,,171.16,0.0000096512,0.0000096512,0.00042312,0.00042312,311.51
HSS18X18X.625,HSS,0.00396,,,144.39,0.0000082368,0.0000082368,0.0003608,0.0003608,262.79
HSS18X18X.500,HSS,0.00321,,,116.91,0.0000067808,0.0000067808,0.00029684,0.00029684,212.78
HSS18X18X.375,HSS,0.00243,,,88.73,0.0000052,0.0000052,0.00022796,0.00022796,161.49
HSS18X18X.313,HSS,0.00204,,,74.38,0.0000044096,0.0000044096,0.00019352,0.00019352,135.37
HSS18X18X.250,HSS,0.00164,,,59.85,0.0000035776,0.0000035776,0.000156784,0.000156784,108.93
HSS18X10X.625,HSS,0.00303,,,110.36,0.0000053248,0.00000212576,0.00023288,0.00016728,200.86
HSS18X10X.500,HSS,0.00246,,,89.68,0.0000044096,0.000001768,0.00019188,0.0001394,163.22
HSS18X10X.375,HSS,0.00187,,,68.31,0.0000034112,0.00000138112,0.000149404,0.000108896,124.32
HSS18X10X.313,HSS,0.00157,,,57.36,0.0000028912,0.00000117312,0.000126608,0.000092496,104.4
HSS18X10X.250,HSS,0.00127,,,46.24,0.00000235456,0.0000009568,0.000103156,0.000075604,84.16
HSS18X8X.625,HSS,0.0028,,,101.85,0.000004576,0.00000127296,0.00020008,0.000125624,185.37
HSS18X8X.500,HSS,0.00228,,,82.88,0.00000379808,0.00000106912,0.00016564,0.000105288,150.84
HSS18X8X.375,HSS,0.00173,,,63.21,0.00000295776,0.00000084032,0.00012956,0.00008282,115.04
HSS18X8X.313,HSS,0.00146,,,53.11,0.00000251264,0.00000071552,0.000110044,0.00007052,96.66
HSS18X8X.250,HSS,0.00118,,,42.84,0.00000204672,0.00000058656,0.000089708,0.000057728,77.97
HSS18X6X.750,HSS,0.00303,,,109.91,0.0000044096,0.00000074464,0.00019352,0.000097744,200.04
HSS18X6X.625,HSS,0.00257,,,93.34,0.00000383968,0.00000065728,0.00016892,0.000086428,169.88
HSS18X6X.500,HSS,0.00209,,,76.07,0.0000032032,0.00000055744,0.000140384,0.000073144,138.45
HSS18X6X.375,HSS,0.0016,,,58.1,0.00000250432,0.00000044096,0.000109716,0.00005822,105.74
HSS18X6X.313,HSS,0.00134,,,48.86,0.00000213408,0.000000379808,0.00009348,0.000049856,88.93
HSS18X6X.250,HSS,0.00108,,,39.43,0.00000174304,0.000000312416,0.00007626,0.000041,71.76
HSS16X16X1,HSS,0.00538,,,195.4,0.0000082784,0.0000082784,0.00040836,0.00040836,355.63
HSS16X16X.875,HSS,0.00477,,,173.43,0.000007488,0.000007488,0.000369,0.000369,315.64
HSS16X16X.750,HSS,0.00415,,,150.75,0.0000066144,0.0000066144,0.00032636,0.00032636,274.37
HSS16X16X.625,HSS,0.0035,,,127.37,0.0000056992,0.0000056992,0.00028044,0.00028044,231.81
HSS16X16X.500,HSS,0.00283,,,103.3,0.0000047008,0.0000047008,0.00023124,0.00023124,188.01
HSS16X16X.375,HSS,0.00215,,,78.52,0.00000363168,0.00000363168,0.00017876,0.00017876,142.91
HSS16X16X.313,HSS,0.00181,,,65.87,0.00000307424,0.00000307424,0.000151372,0.000151372,119.88
HSS16X16X.250,HSS,0.00146,,,53.05,0.000002496,0.000002496,0.000123,0.000123,96.55
HSS16X12X1,HSS,0.00464,,,168.18,0.0000065312,0.00000416,0.00032144,0.00027388,306.09
HSS16X12X.875,HSS,0.00412,,,149.61,0.0000059488,0.0000037856,0.00029192,0.00024928,272.29
HSS16X12X.750,HSS,0.00359,,,130.33,0.0000052832,0.0000033696,0.00026076,0.0002214,237.2
HSS16X12X.625,HSS,0.00303,,,110.36,0.0000045344,0.000002912,0.00022304,0.00019188,200.86
HSS16X12X.500,HSS,0.00246,,,89.68,0.00000376064,0.00000241696,0.00018532,0.000158752,163.22
HSS16X12X.375,HSS,0.00187,,,68.31,0.00000292032,0.00000188032,0.000143828,0.000123492,124.32
HSS16X12X.313,HSS,0.00157,,,57.36,0.0000024752,0.00000159744,0.000122016,0.00010496,104.4
HSS16X10X.625,HSS,0.0028,,,101.85,0.00000396448,0.00000190944,0.00019516,0.000150552,185.37
HSS16X10X.500,HSS,0.00228,,,82.88,0.00000329472,0.00000159328,0.00016236,0.000125624,150.84
HSS16X10X.375,HSS,0.00173,,,63.21,0.00000256256,0.00000124384,0.00012628,0.000098236,115.04
HSS16X10X.313,HSS,0.00146,,,53.11,0.00000217568,0.0000010608,0.000107256,0.000083476,96.66
HSS16X10X.250,HSS,0.00118,,,42.84,0.00000177216,0.00000086528,0.000087412,0.000068224,77.97
HSS16X8X.875,HSS,0.00347,,,125.79,0.000004368,0.00000144768,0.00021484,0.00014268,228.94
HSS16X8X.750,HSS,0.00303,,,109.91,0.00000390624,0.00000130624,0.00019188,0.000128576,200.04
HSS16X8X.625,HSS,0.00257,,,93.34,0.0000033904,0.00000113984,0.00016728,0.000112504,169.88
HSS16X8X.500,HSS,0.00209,,,76.07,0.00000282464,0.0000009568,0.000139236,0.000094464,138.45
HSS16X8X.375,HSS,0.0016,,,58.1,0.00000220896,0.00000075296,0.000108732,0.000074292,105.74
HSS16X8X.313,HSS,0.00134,,,48.86,0.00000187616,0.0000006448,0.000092496,0.000063468,88.93
HSS16X8X.250,HSS,0.00108,,,39.43,0.00000153088,0.00000052832,0.000075604,0.000051988,71.76
HSS16X6X.625,HSS,0.00233,,,84.84,0.00000281632,0.00000058656,0.000138744,0.000076916,154.41
HSS16X6X.500,HSS,0.0019,,,69.27,0.00000235872,0.0000004992,0.000116276,0.000065436,126.07
HSS16X6X.375,HSS,0.00146,,,53,0.0000018512,0.000000396448,0.000091184,0.000052152,96.46
HSS16X6X.313,HSS,0.00122,,,44.6,0.00000157664,0.000000340288,0.000077736,0.000044772,81.17
HSS16X6X.250,HSS,0.00099,,,36.03,0.00000129376,0.000000280384,0.000063632,0.0000369,65.57
HSS16X6X.188,HSS,0.000746,,,27.29,0.00000098592,0.000000215488,0.000048544,0.000028372,49.67
HSS16X4X.625,HSS,0.0021,,,76.33,0.00000224224,0.000000225056,0.000110372,0.00004428,138.92
HSS16X4X.500,HSS,0.00172,,,62.46,0.0000018928,0.00000019552,0.000093316,0.00003854,113.68
HSS16X4X.375,HSS,0.00132,,,47.9,0.0000014976,0.000000159328,0.0000738,0.000031324,87.18
HSS16X4X.313,HSS,0.00111,,,40.35,0.00000128128,0.000000138112,0.00006314,0.000027224,73.44
HSS16X4X.250,HSS,0.000896,,,32.63,0.00000105248,0.000000115232,0.000051824,0.000022632,59.39
HSS16X4X.188,HSS,0.000676,,,24.73,0.00000080288,0.00000008944,0.000039688,0.000017712,45.01
HSS14X14X1,HSS,0.00464,,,168.18,0.0000053664,0.0000053664,0.00030176,0.00030176,306.09
HSS14X14X.875,HSS,0.00412,,,149.61,0.0000048672,0.0000048672,0.00027388,0.00027388,272.29
HSS14X14X.750,HSS,0.00359,,,130.33,0.0000043264,0.0000043264,0.00024436,0.00024436,237.2
HSS14X14X.625,HSS,0.00303,,,110.36,0.00000373152,0.00000373152,0.00020992,0.00020992,200.86
HSS14X14X.500,HSS,0.00246,,,89.68,0.00000309088,0.00000309088,0.00017384,0.00017384,163.22
HSS14X14X.375,HSS,0.00187,,,68.31,0.00000240032,0.00000240032,0.0001353,0.0001353,124.32
HSS14X14X.313,HSS,0.00157,,,57.36,0.0000020384,0.0000020384,0.000114636,0.000114636,104.4
HSS14X14X.250,HSS,0.00127,,,46.24,0.00000165984,0.00000165984,0.00009348,0.00009348,84.16
HSS14X12X.625,HSS,0.0028,,,101.85,0.00000329472,0.00000259584,0.00018532,0.00017056,185.37
HSS14X12X.500,HSS,0.00228,,,82.88,0.00000273728,0.00000215904,0.00015416,0.00014186,150.84
HSS14X12X.375,HSS,0.00173,,,63.21,0.00000212992,0.0000016848,0.000120048,0.000110536,115.04
HSS14X12X.313,HSS,0.00146,,,53.11,0.0000018096,0.00000143104,0.000101844,0.000093972,96.66
HSS14X12X.250,HSS,0.00118,,,42.84,0.00000147264,0.0000011648,0.000082984,0.000076588,77.97
HSS14X10X.875,HSS,0.00347,,,125.79,0.00000368576,0.00000217152,0.00020828,0.00017056,228.94
HSS14X10X.750,HSS,0.00303,,,109.91,0.00000329472,0.00000194688,0.00018532,0.000153504,200.04
HSS14X10X.625,HSS,0.00257,,,93.34,0.00000285792,0.00000169312,0.000161048,0.00013366,169.88
HSS14X10X.500,HSS,0.00209,,,76.07,0.00000238368,0.00000141856,0.000134152,0.000111684,138.45
HSS14X10X.375,HSS,0.0016,,,58.1,0.00000185952,0.00000111072,0.000104796,0.000087576,105.74
HSS14X10X.313,HSS,0.00134,,,48.86,0.0000015808,0.00000094432,0.000089052,0.00007462,88.93
HSS14X10X.250,HSS,0.00108,,,39.43,0.0000012896,0.00000077376,0.000072652,0.000061008,71.76
HSS14X8X.625,HSS,0.00233,,,84.84,0.00000242112,0.00000100672,0.000136448,0.000099384,154.41
HSS14X8X.500,HSS,0.0019,,,69.27,0.00000202592,0.00000084864,0.000114144,0.00008364,126.07
HSS14X8X.375,HSS,0.00146,,,53,0.00000158912,0.00000066976,0.000089544,0.000065928,96.46
HSS14X8X.313,HSS,0.00122,,,44.6,0.000001352,0.00000057408,0.00007626,0.000056416,81.17
HSS14X8X.250,HSS,0.00099,,,36.03,0.00000110656,0.00000047008,0.00006232,0.000046248,65.57
HSS14X8X.188,HSS,0.000746,,,27.29,0.00000084448,0.000000359424,0.00004756,0.000035424,49.67
HSS14X6X.625,HSS,0.0021,,,76.33,0.00000198848,0.00000051584,0.000112012,0.000067568,138.92
HSS14X6X.500,HSS,0.00172,,,62.46,0.00000167232,0.0000004368,0.000094136,0.000057564,113.68
HSS14X6X.375,HSS,0.00132,,,47.9,0.00000131872,0.000000349856,0.000074292,0.00004592,87.18
HSS14X6X.313,HSS,0.00111,,,40.35,0.00000112736,0.000000300768,0.000063468,0.000039524,73.44
HSS14X6X.250,HSS,0.000896,,,32.63,0.00000092352,0.000000247936,0.000051988,0.000032636,59.39
HSS14X6X.188,HSS,0.000676,,,24.73,0.0000007072,0.000000190944,0.000039852,0.000025092,45.01
HSS14X4X.625,HSS,0.00187,,,67.82,0.00000155168,0.000000196352,0.000087412,0.000038704,123.43
HSS14X4X.500,HSS,0.00153,,,55.66,0.00000131872,0.000000171392,0.000074292,0.000033784,101.3
HSS14X4X.375,HSS,0.00118,,,42.79,0.00000104832,0.000000139776,0.00005904,0.000027552,77.88
HSS14X4X.313,HSS,0.000992,,,36.1,0.00000089856,0.000000121472,0.000050676,0.000023944,65.7
HSS14X4X.250,HSS,0.000803,,,29.23,0.00000074048,0.000000101504,0.000041656,0.000020008,53.2
HSS14X4X.188,HSS,0.000606,,,22.18,0.00000056992,0.00000007904,0.00003198,0.0000155472,40.37
HSS12X12X1,HSS,0.0039,,,140.96,0.00000321152,0.00000321152,0.00021156,0.00021156,256.55
HSS12X12X.875,HSS,0.00347,,,125.79,0.00000293696,0.00000293696,0.00019352,0.00019352,228.94
HSS12X12X.750,HSS,0.00303,,,109.91,0.00000262496,0.00000262496,0.0001722,0.0001722,200.04
HSS12X12X.625,HSS,0.00257,,,93.34,0.00000227968,0.00000227968,0.000149896,0.000149896,169.88
HSS12X12X.500,HSS,0.00209,,,76.07,0.00000190112,0.00000190112,0.000124968,0.000124968,138.45
HSS12X12X.375,HSS,0.0016,,,58.1,0.00000148512,0.00000148512,0.00009758,0.00009758,105.74
HSS12X12X.313,HSS,0.00134,,,48.86,0.00000126464,0.00000126464,0.000083148,0.000083148,88.93
HSS12X12X.250,HSS,0.00108,,,39.43,0.00000103168,0.00000103168,0.000067896,0.000067896,71.76
HSS12X12X.188,HSS,0.000815,,,29.84,0.00000078624,0.00000078624,0.00005166,0.00005166,54.31
HSS12X10X.625,HSS,0.00233,,,84.84,0.00000196352,0.00000148096,0.000129068,0.000116768,154.41
HSS12X10X.500,HSS,0.0019,,,69.27,0.0000016432,0.00000123968,0.000108076,0.000097908,126.07
HSS12X10X.375,HSS,0.00146,,,53,0.0000012896,0.00000097344,0.000084624,0.000076916,96.46
HSS12X10X.313,HSS,0.00122,,,44.6,0.00000109824,0.000000832,0.00007216,0.0000656,81.17
HSS12X10X.250,HSS,0.00099,,,36.03,0.00000089856,0.00000068224,0.00005904,0.000053628,65.57
HSS12X10X.188,HSS,0.000746,,,27.29,0.0000006864,0.00000052,0.0000451,0.000041,49.67
HSS12X8X.625,HSS,0.0021,,,76.33,0.00000165152,0.0000008736,0.000108404,0.0000861,138.92
HSS12X8X.500,HSS,0.00172,,,62.46,0.00000138528,0.00000074048,0.000091184,0.000072816,113.68
HSS12X8X.375,HSS,0.00132,,,47.9,0.00000108992,0.0000005824,0.000071668,0.000057564,87.18
HSS12X8X.313,HSS,0.00111,,,40.35,0.00000093184,0.0000004992,0.000061336,0.000049364,73.44
HSS12X8X.250,HSS,0.000896,,,32.63,0.00000076544,0.000000411008,0.000050184,0.000040508,59.39
HSS12X8X.188,HSS,0.000676,,,24.73,0.0000005824,0.000000314912,0.000038376,0.000030996,45.01
HSS12X6X.625,HSS,0.00187,,,67.82,0.00000133536,0.00000044512,0.000087576,0.00005822,123.43
HSS12X6X.500,HSS,0.00153,,,55.66,0.00000112736,0.000000378976,0.000074128,0.000049856,101.3
HSS12X6X.375,HSS,0.00118,,,42.79,0.0000008944,0.000000303264,0.000058876,0.000039852,77.88
HSS12X6X.313,HSS,0.000992,,,36.1,0.00000076544,0.000000261248,0.000050348,0.000034276,65.7
HSS12X6X.250,HSS,0.000803,,,29.23,0.00000062816,0.000000215904,0.000041328,0.000028372,53.2
HSS12X6X.188,HSS,0.000606,,,22.18,0.00000048256,0.0000001664,0.000031816,0.000021812,40.37
HSS12X4X.625,HSS,0.00164,,,59.32,0.0000010192,0.000000168064,0.000066912,0.000033128,107.96
HSS12X4X.500,HSS,0.00135,,,48.85,0.0000008736,0.000000146848,0.000057236,0.000029028,88.91
HSS12X4X.375,HSS,0.00104,,,37.69,0.00000069888,0.000000120224,0.00004592,0.00002378,68.6
HSS12X4X.313,HSS,0.000876,,,31.84,0.00000059904,0.000000104832,0.000039524,0.000020664,57.95
HSS12X4X.250,HSS,0.00071,,,25.82,0.00000049504,0.00000008736,0.000032636,0.00001722,46.99
HSS12X4X.188,HSS,0.000537,,,19.63,0.000000381888,0.000000068224,0.000025092,0.000013448,35.73
HSS12X3X.313,HSS,0.000817,,,29.72,0.00000051584,0.000000054496,0.000033948,0.0000143172,54.09
HSS12X3X.250,HSS,0.000663,,,24.12,0.00000042848,0.000000046176,0.000028208,0.0000121032,43.9
HSS12X3X.188,HSS,0.000502,,,18.35,0.000000331136,0.0000000362752,0.000021812,0.0000095284,33.4
HSS12X2X.313,HSS,0.000759,,,27.59,0.00000043264,0.000000021216,0.000028536,0.000008364,50.21
HSS12X2X.250,HSS,0.000617,,,22.42,0.000000361504,0.0000000183456,0.00002378,0.0000072324,40.8
HSS12X2X.188,HSS,0.000467,,,17.08,0.000000280384,0.000000014768,0.000018368,0.000005822,31.09
HSS10X10X.750,HSS,0.00247,,,89.5,0.00000144352,0.00000144352,0.000113816,0.000113816,162.89
HSS10X10X.625,HSS,0.0021,,,76.33,0.00000126464,0.00000126464,0.000099712,0.000099712,138.92
HSS10X10X.500,HSS,0.00172,,,62.46,0.00000106496,0.00000106496,0.000083968,0.000083968,113.68
HSS10X10X.375,HSS,0.00132,,,47.9,0.00000084032,0.00000084032,0.000066256,0.000066256,87.18
HSS10X10X.313,HSS,0.00111,,,40.35,0.00000071552,0.00000071552,0.00005658,0.00005658,73.44
HSS10X10X.250,HSS,0.000896,,,32.63,0.00000058656,0.00000058656,0.000046412,0.000046412,59.39
HSS10X10X.188,HSS,0.000676,,,24.73,0.00000044928,0.00000044928,0.000035424,0.000035424,45.01
HSS10X8X.625,HSS,0.00187,,,67.82,0.00000105248,0.00000074048,0.00008282,0.00007298,123.43
HSS10X8X.500,HSS,0.00153,,,55.66,0.00000089024,0.00000062816,0.000070028,0.000061992,101.3
HSS10X8X.375,HSS,0.00118,,,42.79,0.00000070304,0.0000004992,0.000055596,0.0000492,77.88
HSS10X8X.313,HSS,0.000992,,,36.1,0.0000006032,0.00000042848,0.00004756,0.000042148,65.7
HSS10X8X.250,HSS,0.000803,,,29.23,0.00000049504,0.000000352352,0.000039032,0.000034768,53.2
HSS10X8X.188,HSS,0.000606,,,22.18,0.000000380224,0.000000270816,0.000030012,0.000026732,40.37
HSS10X6X.625,HSS,0.00164,,,59.32,0.00000083616,0.000000371904,0.000065928,0.000048872,107.96
HSS10X6X.500,HSS,0.00135,,,48.85,0.00000071136,0.000000319488,0.000056252,0.000041984,88.91
HSS10X6X.375,HSS,0.00104,,,37.69,0.00000056992,0.000000257088,0.000044936,0.000033784,68.6
HSS10X6X.313,HSS,0.000876,,,31.84,0.00000049088,0.000000221728,0.00003854,0.000029192,57.95
HSS10X6X.250,HSS,0.00071,,,25.82,0.000000403104,0.000000183456,0.000031816,0.000024108,46.99
HSS10X6X.188,HSS,0.000537,,,19.63,0.000000310336,0.000000141856,0.000024436,0.000018696,35.73
HSS10X5X.375,HSS,0.000967,,,35.13,0.0000004992,0.000000168896,0.000039524,0.000026568,63.94
HSS10X5X.313,HSS,0.000817,,,29.72,0.00000043264,0.000000146432,0.000034112,0.000023124,54.09
HSS10X5X.250,HSS,0.000663,,,24.12,0.000000356928,0.000000121888,0.000028208,0.000019188,43.9
HSS10X4X.625,HSS,0.0014,,,50.81,0.00000061984,0.00000013936,0.000049036,0.000027552,92.47
HSS10X4X.500,HSS,0.00116,,,42.05,0.00000053664,0.00000012272,0.000042312,0.000024108,76.53
HSS10X4X.375,HSS,0.000897,,,32.58,0.00000043264,0.000000101088,0.000034112,0.000019844,59.3
HSS10X4X.313,HSS,0.000759,,,27.59,0.000000374816,0.000000088192,0.00002952,0.000017384,50.21
HSS10X4X.250,HSS,0.000617,,,22.42,0.000000310752,0.000000073632,0.000024436,0.0000145468,40.8
HSS10X4X.188,HSS,0.000467,,,17.08,0.000000240448,0.000000057824,0.000019024,0.0000113652,31.09
HSS10X4X.125,HSS,0.000316,,,11.56,0.000000165568,0.000000040144,0.0000130708,0.0000079212,21.04
HSS10X3-1/2X.375,HSS,0.000862,,,31.31,0.000000399776,0.000000074048,0.000031488,0.000016728,56.98
HSS10X3-1/2X.313,HSS,0.00073,,,26.53,0.000000346112,0.000000064896,0.000027224,0.0000146288,48.28
HSS10X3-1/2X.250,HSS,0.000593,,,21.57,0.000000287456,0.000000054496,0.000022632,0.0000123164,39.26
HSS10X3-1/2X.188,HSS,0.00045,,,16.44,0.000000222976,0.000000042848,0.000017548,0.0000096596,29.92
HSS10X3X.375,HSS,0.000827,,,30.03,0.00000036608,0.000000051584,0.000028864,0.0000135792,54.65
HSS10X3X.313,HSS,0.000701,,,25.46,0.000000317408,0.00000004576,0.000025092,0.000011972,46.34
HSS10X3X.250,HSS,0.00057,,,20.72,0.000000264576,0.0000000386048,0.000020828,0.0000101516,37.71
HSS10X3X.188,HSS,0.000432,,,15.8,0.000000205504,0.0000000304928,0.0000161868,0.0000080196,28.76
HSS10X3X.125,HSS,0.000293,,,10.71,0.000000142272,0.0000000214656,0.0000112012,0.0000056416,19.49
HSS10X2X.375,HSS,0.000758,,,27.48,0.000000298272,0.000000019552,0.000023452,0.000007708,50.01
HSS10X2X.313,HSS,0.000643,,,23.34,0.000000260416,0.0000000176384,0.0000205,0.0000069536,42.48
HSS10X2X.250,HSS,0.000524,,,19.02,0.0000002184,0.0000000152672,0.00001722,0.0000060188,34.62
HSS10X2X.188,HSS,0.000398,,,14.53,0.00000017056,0.0000000123552,0.0000134316,0.0000048708,26.44
HSS10X2X.125,HSS,0.00027,,,9.86,0.00000011856,0.0000000089024,0.000009348,0.0000035096,17.95
HSS9X9X.625,HSS,0.00187,,,67.82,0.00000089856,0.00000089856,0.000078556,0.000078556,123.43
HSS9X9X.500,HSS,0.00153,,,55.66,0.00000076128,0.00000076128,0.000066584,0.000066584,101.3
HSS9X9X.375,HSS,0.00118,,,42.79,0.0000006032,0.0000006032,0.000052808,0.000052808,77.88
HSS9X9X.313,HSS,0.000992,,,36.1,0.00000051584,0.00000051584,0.000045264,0.000045264,65.7
HSS9X9X.250,HSS,0.000803,,,29.23,0.00000042432,0.00000042432,0.000037228,0.000037228,53.2
HSS9X9X.188,HSS,0.000606,,,22.18,0.000000325312,0.000000325312,0.000028536,0.000028536,40.37
HSS9X9X.125,HSS,0.000409,,,14.96,0.00000022256,0.00000022256,0.000019516,0.000019516,27.23
HSS9X7X.625,HSS,0.00164,,,59.32,0.00000072384,0.00000048672,0.000063468,0.00005494,107.96
HSS9X7X.500,HSS,0.00135,,,48.85,0.00000061984,0.000000416,0.00005412,0.000047068,88.91
HSS9X7X.375,HSS,0.00104,,,37.69,0.00000049504,0.000000334464,0.000043296,0.00003772,68.6
HSS9X7X.313,HSS,0.000876,,,31.84,0.00000042432,0.000000287872,0.000037064,0.000032472,57.95
HSS9X7X.250,HSS,0.00071,,,25.82,0.000000349856,0.000000237952,0.000030668,0.000026732,46.99
HSS9X7X.188,HSS,0.000537,,,19.63,0.000000269152,0.000000183456,0.000023616,0.000020664,35.73
HSS9X5X.625,HSS,0.0014,,,50.81,0.00000055328,0.00000021632,0.000048544,0.000034112,92.47
HSS9X5X.500,HSS,0.00116,,,42.05,0.0000004784,0.000000188032,0.00004182,0.000029684,76.53
HSS9X5X.375,HSS,0.000897,,,32.58,0.0000003848,0.000000153088,0.00003362,0.000024108,59.3
HSS9X5X.313,HSS,0.000759,,,27.59,0.000000331968,0.00000013312,0.000029028,0.000020992,50.21
HSS9X5X.250,HSS,0.000617,,,22.42,0.000000274976,0.000000110656,0.000024108,0.000017384,40.8
HSS9X5X.188,HSS,0.000467,,,17.08,0.000000212576,0.000000086112,0.000018696,0.0000135792,31.09
HSS9X3X.500,HSS,0.000974,,,35.24,0.000000336128,0.000000054912,0.00002952,0.0000144484,64.14
HSS9X3X.375,HSS,0.000758,,,27.48,0.000000275808,0.000000046592,0.000024108,0.000012218,50.01
HSS9X3X.313,HSS,0.000643,,,23.34,0.000000240032,0.0000000411008,0.000020992,0.0000108076,42.48
HSS9X3X.250,HSS,0.000524,,,19.02,0.000000200512,0.0000000348608,0.000017548,0.0000091676,34.62
HSS9X3X.188,HSS,0.000398,,,14.53,0.000000156416,0.0000000276224,0.000013694,0.0000072488,26.44
HSS8X8X.625,HSS,0.00164,,,59.32,0.00000060736,0.00000060736,0.00005986,0.00005986,107.96
HSS8X8X.500,HSS,0.00135,,,48.85,0.00000052,0.00000052,0.000051168,0.000051168,88.91
HSS8X8X.375,HSS,0.00104,,,37.69,0.000000416,0.000000416,0.000040836,0.000040836,68.6
HSS8X8X.313,HSS,0.000876,,,31.84,0.000000356096,0.000000356096,0.000035096,0.000035096,57.95
HSS8X8X.250,HSS,0.00071,,,25.82,0.000000294112,0.000000294112,0.000029028,0.000029028,46.99
HSS8X8X.188,HSS,0.000537,,,19.63,0.000000226304,0.000000226304,0.000022304,0.000022304,35.73
HSS8X8X.125,HSS,0.000362,,,13.26,0.000000155584,0.000000155584,0.0000153176,0.0000153176,24.13
HSS8X6X.625,HSS,0.0014,,,50.81,0.00000047424,0.000000300768,0.00004674,0.000039524,92.47
HSS8X6X.500,HSS,0.00116,,,42.05,0.000000408512,0.00000026,0.000040344,0.000034112,76.53
HSS8X6X.375,HSS,0.000897,,,32.58,0.000000329056,0.000000210496,0.000032472,0.000027716,59.3
HSS8X6X.313,HSS,0.000759,,,27.59,0.000000284128,0.000000182208,0.000028044,0.000023944,50.21
HSS8X6X.250,HSS,0.000617,,,22.42,0.000000235456,0.000000151424,0.000023288,0.000019844,40.8
HSS8X6X.188,HSS,0.000467,,,17.08,0.000000181792,0.000000117312,0.000017876,0.0000153996,31.09
HSS8X4X.625,HSS,0.00117,,,42.3,0.00000034112,0.000000110656,0.00003362,0.000021812,76.99
HSS8X4X.500,HSS,0.000974,,,35.24,0.000000298688,0.000000098176,0.000029356,0.000019352,64.14
HSS8X4X.375,HSS,0.000758,,,27.48,0.000000244192,0.000000081536,0.000024108,0.000016072,50.01
HSS8X4X.313,HSS,0.000643,,,23.34,0.00000021216,0.000000071552,0.000020992,0.0000140712,42.48
HSS8X4X.250,HSS,0.000524,,,19.02,0.0000001768,0.000000059904,0.000017384,0.0000118244,34.62
HSS8X4X.188,HSS,0.000398,,,14.53,0.000000137696,0.000000047008,0.0000135628,0.000009266,26.44
HSS8X4X.125,HSS,0.00027,,,9.86,0.000000095264,0.000000032864,0.0000093972,0.000006478,17.95
HSS8X3X.500,HSS,0.000881,,,31.84,0.000000243776,0.000000048672,0.000023944,0.0000128084,57.95
HSS8X3X.375,HSS,0.000688,,,24.93,0.00000020176,0.0000000416,0.000019844,0.0000108732,45.37
HSS8X3X.313,HSS,0.000585,,,21.21,0.000000176384,0.0000000366496,0.000017384,0.0000096268,38.6
HSS8X3X.250,HSS,0.000477,,,17.32,0.00000014768,0.0000000311584,0.0000145632,0.0000081836,31.52
HSS8X3X.188,HSS,0.000363,,,13.25,0.000000115648,0.0000000247104,0.0000113816,0.0000064944,24.12
HSS8X3X.125,HSS,0.000246,,,9.01,0.000000080288,0.000000017472,0.0000079212,0.000004592,16.4
HSS8X2X.500,HSS,0.000788,,,28.43,0.000000188448,0.0000000174304,0.000018532,0.0000068716,51.74
HSS8X2X.375,HSS,0.000618,,,22.37,0.000000158912,0.0000000155168,0.0000156784,0.0000061172,40.71
HSS8X2X.313,HSS,0.000526,,,19.08,0.000000140192,0.0000000140608,0.0000138252,0.0000055432,34.73
HSS8X2X.250,HSS,0.00043,,,15.62,0.00000011856,0.0000000122304,0.0000116768,0.0000048216,28.43
HSS8X2X.188,HSS,0.000328,,,11.97,0.000000093184,0.0000000099424,0.0000092004,0.0000039196,21.79
HSS8X2X.125,HSS,0.000223,,,8.16,0.000000065312,0.0000000071552,0.0000064452,0.0000028208,14.85
HSS7X7X.625,HSS,0.0014,,,50.81,0.000000388544,0.000000388544,0.000043788,0.000043788,92.47
HSS7X7X.500,HSS,0.00116,,,42.05,0.00000033488,0.00000033488,0.00003772,0.00003772,76.53
HSS7X7X.375,HSS,0.000897,,,32.58,0.0000002704,0.0000002704,0.000030504,0.000030504,59.3
HSS7X7X.313,HSS,0.000759,,,27.59,0.000000233376,0.000000233376,0.00002624,0.00002624,50.21
HSS7X7X.250,HSS,0.000617,,,22.42,0.00000019344,0.00000019344,0.000021812,0.000021812,40.8
HSS7X7X.188,HSS,0.000467,,,17.08,0.00000014976,0.00000014976,0.000016892,0.000016892,31.09
HSS7X7X.125,HSS,0.000316,,,11.56,0.000000103168,0.000000103168,0.0000116276,0.0000116276,21.04
HSS7X5X.500,HSS,0.000974,,,35.24,0.000000252096,0.000000148096,0.000028372,0.000023288,64.14
HSS7X5X.375,HSS,0.000758,,,27.48,0.00000020592,0.000000121888,0.000023124,0.000019188,50.01
HSS7X5X.313,HSS,0.000643,,,23.34,0.00000017888,0.00000010608,0.000020172,0.000016728,42.48
HSS7X5X.250,HSS,0.000524,,,19.02,0.000000149344,0.000000088608,0.000016728,0.0000139892,34.62
HSS7X5X.188,HSS,0.000398,,,14.53,0.000000116064,0.000000069056,0.0000130544,0.000010906,26.44
HSS7X5X.125,HSS,0.00027,,,9.86,0.000000080288,0.000000048256,0.0000090528,0.0000075932,17.95
HSS7X4X.500,HSS,0.000881,,,31.84,0.000000210912,0.000000086112,0.00002378,0.000017056,57.95
HSS7X4X.375,HSS,0.000688,,,24.93,0.000000173888,0.000000071968,0.000019516,0.0000141532,45.37
HSS7X4X.313,HSS,0.000585,,,21.21,0.00000015184,0.000000063232,0.000017056,0.0000124312,38.6
HSS7X4X.250,HSS,0.000477,,,17.32,0.00000012688,0.000000053248,0.0000143008,0.0000104632,31.52
HSS7X4X.188,HSS,0.000363,,,13.25,0.000000099008,0.0000000416,0.0000111684,0.0000082328,24.12
HSS7X4X.125,HSS,0.000246,,,9.01,0.000000069056,0.0000000292448,0.0000077572,0.0000057564,16.4
HSS7X3X.500,HSS,0.000788,,,28.43,0.000000169312,0.000000042432,0.000019024,0.000011152,51.74
HSS7X3X.375,HSS,0.000618,,,22.37,0.000000141856,0.0000000362336,0.0000159572,0.0000095284,40.71
HSS7X3X.313,HSS,0.000526,,,19.08,0.000000124384,0.0000000321984,0.0000140056,0.0000084624,34.73
HSS7X3X.250,HSS,0.00043,,,15.62,0.000000104832,0.000000027456,0.0000117916,0.000007216,28.43
HSS7X3X.188,HSS,0.000328,,,11.97,0.000000082368,0.0000000217984,0.000009266,0.00000574,21.79
HSS7X3X.125,HSS,0.000223,,,8.16,0.000000057408,0.0000000154336,0.000006478,0.0000040672,14.85
HSS7X2X.250,HSS,0.000384,,,13.91,0.000000082368,0.0000000107328,0.0000092988,0.0000042312,25.32
HSS7X2X.188,HSS,0.000293,,,10.7,0.000000065312,0.000000008736,0.0000073636,0.000003444,19.47
HSS7X2X.125,HSS,0.0002,,,7.31,0.000000046176,0.0000000063232,0.0000051824,0.0000024928,13.3
HSS6X6X.625,HSS,0.00117,,,42.3,0.000000229632,0.000000229632,0.000030176,0.000030176,76.99
HSS6X6X.500,HSS,0.000974,,,35.24,0.000000200928,0.000000200928,0.000026404,0.000026404,64.14
HSS6X6X.375,HSS,0.000758,,,27.48,0.00000016432,0.00000016432,0.000021648,0.000021648,50.01
HSS6X6X.313,HSS,0.000643,,,23.34,0.000000142688,0.000000142688,0.000018696,0.000018696,42.48
HSS6X6X.250,HSS,0.000524,,,19.02,0.000000118976,0.000000118976,0.0000156456,0.0000156456,34.62
HSS6X6X.188,HSS,0.000398,,,14.53,0.000000092768,0.000000092768,0.0000121688,0.0000121688,26.44
HSS6X6X.125,HSS,0.00027,,,9.86,0.00000006448,0.00000006448,0.000008446,0.000008446,17.95
HSS6X5X.500,HSS,0.000881,,,31.84,0.000000170976,0.000000128128,0.000022468,0.000020172,57.95
HSS6X5X.375,HSS,0.000688,,,24.93,0.000000141024,0.00000010608,0.000018532,0.000016728,45.37
HSS6X5X.313,HSS,0.000585,,,21.21,0.000000123136,0.000000092768,0.000016154,0.0000146124,38.6
HSS6X5X.250,HSS,0.000477,,,17.32,0.000000102752,0.000000077792,0.00001353,0.0000122508,31.52
HSS6X5X.188,HSS,0.000363,,,13.25,0.000000080288,0.000000060736,0.0000105616,0.0000095776,24.12
HSS6X5X.125,HSS,0.000246,,,9.01,0.000000055744,0.000000042432,0.0000073472,0.0000066748,16.4
HSS6X4X.500,HSS,0.000788,,,28.43,0.00000014144,0.000000074048,0.000018532,0.0000145796,51.74
HSS6X4X.375,HSS,0.000618,,,22.37,0.000000117728,0.000000061984,0.0000154652,0.0000122508,40.71
HSS6X4X.313,HSS,0.000526,,,19.08,0.000000103168,0.000000054912,0.0000135628,0.0000107912,34.73
HSS6X4X.250,HSS,0.00043,,,15.62,0.000000086944,0.000000046176,0.0000114144,0.0000091184,28.43
HSS6X4X.188,HSS,0.000328,,,11.97,0.000000068224,0.0000000364416,0.0000089544,0.0000071832,21.79
HSS6X4X.125,HSS,0.000223,,,8.16,0.000000047424,0.000000025584,0.0000062484,0.0000050512,14.85
HSS6X3X.500,HSS,0.000695,,,25.03,0.000000111488,0.0000000361504,0.000014678,0.0000094956,45.55
HSS6X3X.375,HSS,0.000548,,,19.82,0.000000094432,0.0000000311168,0.0000124148,0.0000081836,36.07
HSS6X3X.313,HSS,0.000468,,,16.96,0.000000083616,0.0000000277472,0.0000109716,0.000007298,30.87
HSS6X3X.250,HSS,0.000384,,,13.91,0.00000007072,0.000000023712,0.0000092824,0.000006232,25.32
HSS6X3X.188,HSS,0.000293,,,10.7,0.000000055744,0.000000018928,0.0000073308,0.0000049692,19.47
HSS6X3X.125,HSS,0.0002,,,7.31,0.0000000392288,0.0000000134368,0.0000051496,0.000003526,13.3
HSS6X2X.375,HSS,0.000478,,,17.27,0.000000071136,0.0000000115232,0.0000093644,0.0000045428,31.43
HSS6X2X.313,HSS,0.00041,,,14.83,0.000000063648,0.0000000104832,0.0000083804,0.0000041328,26.99
HSS6X2X.250,HSS,0.000337,,,12.21,0.000000054496,0.0000000091936,0.0000071668,0.0000036244,22.22
HSS6X2X.188,HSS,0.000258,,,9.42,0.00000004368,0.000000007488,0.0000057236,0.000002952,17.14
HSS6X2X.125,HSS,0.000177,,,6.46,0.0000000308672,0.0000000054496,0.0000040508,0.0000021484,11.76
HSS5-1/2X5-1/2X.375,HSS,0.000688,,,24.93,0.000000123552,0.000000123552,0.000017712,0.000017712,45.37
HSS5-1/2X5-1/2X.313,HSS,0.000585,,,21.21,0.000000107744,0.000000107744,0.0000154652,0.0000154652,38.6
HSS5-1/2X5-1/2X.250,HSS,0.000477,,,17.32,0.000000090272,0.000000090272,0.000012956,0.000012956,31.52
HSS5-1/2X5-1/2X.188,HSS,0.000363,,,13.25,0.00000007072,0.00000007072,0.0000101188,0.0000101188,24.12
HSS5-1/2X5-1/2X.125,HSS,0.000246,,,9.01,0.000000049088,0.000000049088,0.000007052,0.000007052,16.4
HSS5X5X.500,HSS,0.000788,,,28.43,0.00000010816,0.00000010816,0.000017056,0.000017056,51.74
HSS5X5X.375,HSS,0.000618,,,22.37,0.000000090272,0.000000090272,0.0000142352,0.0000142352,40.71
HSS5X5X.313,HSS,0.000526,,,19.08,0.00000007904,0.00000007904,0.0000124968,0.0000124968,34.73
HSS5X5X.250,HSS,0.00043,,,15.62,0.00000006656,0.00000006656,0.0000105124,0.0000105124,28.43
HSS5X5X.188,HSS,0.000328,,,11.97,0.000000052416,0.000000052416,0.0000082492,0.0000082492,21.79
HSS5X5X.125,HSS,0.000223,,,8.16,0.000000036608,0.000000036608,0.0000057728,0.0000057728,14.85
HSS5X4X.500,HSS,0.000695,,,25.03,0.000000088192,0.000000061984,0.0000139236,0.0000121852,45.55
HSS5X4X.375,HSS,0.000548,,,19.82,0.000000074464,0.000000052416,0.0000117588,0.000010332,36.07
HSS5X4X.313,HSS,0.000468,,,16.96,0.000000065728,0.000000046176,0.0000103648,0.0000091348,30.87
HSS5X4X.250,HSS,0.000384,,,13.91,0.000000055744,0.0000000393536,0.000008774,0.0000077572,25.32
HSS5X4X.188,HSS,0.000293,,,10.7,0.000000044096,0.0000000311168,0.0000069208,0.0000061336,19.47
HSS5X4X.125,HSS,0.0002,,,7.31,0.0000000308672,0.0000000219232,0.0000048708,0.0000043296,13.3
HSS5X3X.500,HSS,0.000602,,,21.63,0.000000068224,0.0000000298688,0.0000107748,0.0000078392,39.37
HSS5X3X.375,HSS,0.000478,,,17.27,0.000000058656,0.000000026,0.000009266,0.0000068224,31.43
HSS5X3X.313,HSS,0.00041,,,14.83,0.000000052416,0.000000023296,0.0000082492,0.0000061172,26.99
HSS5X3X.250,HSS,0.000337,,,12.21,0.000000044512,0.0000000200096,0.0000070356,0.0000052644,22.22
HSS5X3X.188,HSS,0.000258,,,9.42,0.0000000354848,0.000000016016,0.0000055924,0.0000042148,17.14
HSS5X3X.125,HSS,0.000177,,,6.46,0.0000000250848,0.00000001144,0.0000039524,0.0000030012,11.76
HSS5X2-1/2X.250,HSS,0.000314,,,11.36,0.000000039104,0.0000000130208,0.0000061664,0.0000041,20.68
HSS5X2-1/2X.188,HSS,0.000241,,,8.78,0.0000000312416,0.0000000105248,0.0000049364,0.0000033292,15.98
HSS5X2-1/2X.125,HSS,0.000165,,,6.03,0.0000000222144,0.0000000075712,0.0000035096,0.0000023944,10.97
HSS5X2X.375,HSS,0.000409,,,14.72,0.000000043264,0.0000000094848,0.0000067896,0.0000037392,26.79
HSS5X2X.313,HSS,0.000352,,,12.7,0.000000038896,0.000000008736,0.0000061336,0.000003444,23.11
HSS5X2X.250,HSS,0.000291,,,10.51,0.0000000336128,0.0000000076544,0.0000052972,0.0000030176,19.13
HSS5X2X.188,HSS,0.000224,,,8.15,0.00000002704,0.0000000062816,0.000004264,0.0000024764,14.83
HSS5X2X.125,HSS,0.000154,,,5.61,0.000000019344,0.000000004576,0.0000030504,0.000001804,10.21
HSS4-1/2X4-1/2X.500,HSS,0.000695,,,25.03,0.000000075296,0.000000075296,0.0000131692,0.0000131692,45.55
HSS4-1/2X4-1/2X.375,HSS,0.000548,,,19.82,0.000000063648,0.000000063648,0.0000111356,0.0000111356,36.07
HSS4-1/2X4-1/2X.313,HSS,0.000468,,,16.96,0.00000005616,0.00000005616,0.00000984,0.00000984,30.87
HSS4-1/2X4-1/2X.250,HSS,0.000384,,,13.91,0.000000047424,0.000000047424,0.0000083312,0.0000083312,25.32
HSS4-1/2X4-1/2X.188,HSS,0.000293,,,10.7,0.0000000375232,0.0000000375232,0.0000065764,0.0000065764,19.47
HSS4-1/2X4-1/2X.125,HSS,0.0002,,,7.31,0.000000026416,0.000000026416,0.0000046248,0.0000046248,13.3
HSS4X4X.500,HSS,0.000602,,,21.63,0.000000049504,0.000000049504,0.0000097908,0.0000097908,39.37
HSS4X4X.375,HSS,0.000478,,,17.27,0.000000042848,0.000000042848,0.0000084132,0.0000084132,31.43
HSS4X4X.313,HSS,0.00041,,,14.83,0.0000000380224,0.0000000380224,0.0000074948,0.0000074948,26.99
HSS4X4X.250,HSS,0.000337,,,12.21,0.000000032448,0.000000032448,0.000006396,0.000006396,22.22
HSS4X4X.188,HSS,0.000258,,,9.42,0.0000000258336,0.0000000258336,0.000005084,0.000005084,17.14
HSS4X4X.125,HSS,0.000177,,,6.46,0.000000018304,0.000000018304,0.000003608,0.000003608,11.76
HSS4X3X.375,HSS,0.000409,,,14.72,0.0000000329888,0.0000000208416,0.0000065108,0.0000054776,26.79
HSS4X3X.313,HSS,0.000352,,,12.7,0.0000000297024,0.0000000188032,0.0000058548,0.0000049528,23.11
HSS4X3X.250,HSS,0.000291,,,10.51,0.000000025584,0.0000000162656,0.0000050348,0.0000042804,19.13
HSS4X3X.188,HSS,0.000224,,,8.15,0.0000000205088,0.0000000131456,0.0000040508,0.000003444,14.83
HSS4X3X.125,HSS,0.000154,,,5.61,0.0000000146432,0.0000000094432,0.0000028864,0.0000024764,10.21
HSS4X2-1/2X.250,HSS,0.000267,,,9.66,0.0000000221312,0.0000000105248,0.0000043624,0.0000033128,17.58
HSS4X2-1/2X.188,HSS,0.000206,,,7.51,0.000000017888,0.0000000085696,0.000003526,0.000002706,13.67
HSS4X2-1/2X.125,HSS,0.000142,,,5.18,0.0000000128544,0.0000000061984,0.0000025256,0.0000019516,9.43
HSS4X2X.375,HSS,0.000339,,,12.17,0.000000023296,0.000000007488,0.000004592,0.000002952,22.15
HSS4X2X.313,HSS,0.000294,,,10.58,0.0000000213408,0.0000000069472,0.0000041984,0.0000027388,19.26
HSS4X2X.250,HSS,0.000244,,,8.81,0.0000000186784,0.0000000061568,0.00000369,0.0000024272,16.03
HSS4X2X.188,HSS,0.000189,,,6.87,0.0000000152256,0.0000000050752,0.0000030012,0.0000020008,12.5
HSS4X2X.125,HSS,0.00013,,,4.75,0.000000011024,0.00000000373568,0.0000021648,0.00000147272,8.64
HSS4X1-1/2X.250,HSS,0.000221,,,7.96,0.0000000152256,0.00000000304928,0.0000030012,0.00000160228,14.49
HSS4X1-1/2X.188,HSS,0.000171,,,6.23,0.0000000125632,0.00000000258336,0.0000024764,0.00000135628,11.34
HSS4X1-1/2X.125,HSS,0.000119,,,4.33,0.0000000091936,0.00000000194272,0.0000018204,0.00000102008,7.88
HSS3-1/2X3-1/2X.375,HSS,0.000409,,,14.72,0.0000000269984,0.0000000269984,0.0000060844,0.0000060844,26.79
HSS3-1/2X3-1/2X.313,HSS,0.000352,,,12.7,0.0000000242944,0.0000000242944,0.0000054776,0.0000054776,23.11
HSS3-1/2X3-1/2X.250,HSS,0.000291,,,10.51,0.0000000209664,0.0000000209664,0.0000047232,0.0000047232,19.13
HSS3-1/2X3-1/2X188,HSS,0.000224,,,8.15,0.000000016848,0.000000016848,0.0000037884,0.0000037884,14.83
HSS3-1/2X3-1/2X.125,HSS,0.000154,,,5.61,0.000000012064,0.000000012064,0.0000027224,0.0000027224,10.21
HSS3-1/2X2-1/2X.375,HSS,0.000339,,,12.17,0.00000001976,0.0000000115232,0.0000044608,0.0000036244,22.15
HSS3-1/2X2-1/2X.313,HSS,0.000294,,,10.58,0.0000000180544,0.0000000105664,0.0000040672,0.0000033292,19.26
HSS3-1/2X2-1/2X.250,HSS,0.000244,,,8.81,0.0000000157664,0.0000000092768,0.0000035588,0.0000029192,16.03
HSS3-1/2X2-1/2X.188,HSS,0.000189,,,6.87,0.0000000128544,0.0000000075712,0.0000028864,0.0000023944,12.5
HSS3-1/2X2-1/2X.125,HSS,0.00013,,,4.75,0.0000000092768,0.0000000055328,0.0000020992,0.0000017384,8.64
HSS3-1/2X2X.250,HSS,0.000221,,,7.96,0.0000000131872,0.000000005408,0.0000029684,0.000002132,14.49
HSS3-1/2X2X.188,HSS,0.000171,,,6.23,0.0000000108576,0.0000000044928,0.0000024436,0.0000017712,11.34
HSS3-1/2X2X.125,HSS,0.000119,,,4.33,0.000000007904,0.0000000033072,0.0000017876,0.0000013038,7.88
HSS3-1/2X1-1/2X.250,HSS,0.000197,,,7.11,0.000000010608,0.00000000265408,0.0000023944,0.00000139564,12.94
HSS3-1/2X1-1/2X.188,HSS,0.000154,,,5.59,0.0000000088192,0.00000000226304,0.0000019844,0.000001189,10.17
HSS3-1/2X1-1/2X.125,HSS,0.000107,,,3.9,0.0000000065312,0.00000000170976,0.00000146944,0.00000089872,7.1
HSS3X3X.375,HSS,0.000339,,,12.17,0.0000000157248,0.0000000157248,0.0000041328,0.0000041328,22.15
HSS3X3X.313,HSS,0.000294,,,10.58,0.000000014352,0.000000014352,0.000003772,0.000003772,19.26
HSS3X3X.250,HSS,0.000244,,,8.81,0.0000000125632,0.0000000125632,0.0000032964,0.0000032964,16.03
HSS3X3X.188,HSS,0.000189,,,6.87,0.0000000102336,0.0000000102336,0.0000026896,0.0000026896,12.5
HSS3X3X.125,HSS,0.00013,,,4.75,0.0000000074048,0.0000000074048,0.0000019516,0.0000019516,8.64
HSS3X2-1/2X.313,HSS,0.000264,,,9.51,0.0000000121472,0.0000000090688,0.0000031816,0.0000028536,17.31
HSS3X2-1/2X.250,HSS,0.000221,,,7.96,0.0000000106912,0.0000000080288,0.0000028208,0.0000025256,14.49
HSS3X2-1/2X.188,HSS,0.000171,,,6.23,0.0000000087776,0.0000000066144,0.0000023124,0.0000020828,11.34
HSS3X2-1/2X.125,HSS,0.000119,,,4.33,0.0000000064064,0.0000000048256,0.0000016892,0.00000152684,7.88
HSS3X2X.313,HSS,0.000235,,,8.45,0.0000000099008,0.0000000051584,0.0000026076,0.0000020336,15.38
HSS3X2X.250,HSS,0.000197,,,7.11,0.0000000088608,0.0000000046176,0.0000023288,0.0000018204,12.94
HSS3X2X.188,HSS,0.000154,,,5.59,0.0000000073632,0.00000000387712,0.0000019352,0.00000152848,10.17
HSS3X2X.125,HSS,0.000107,,,3.9,0.000000005408,0.00000000287872,0.00000142188,0.00000113488,7.1
HSS3X1-1/2X.250,HSS,0.000174,,,6.26,0.0000000069888,0.00000000225888,0.0000018368,0.000001189,11.39
HSS3X1-1/2X.188,HSS,0.000137,,,4.96,0.0000000059072,0.00000000194272,0.0000015498,0.00000102008,9.03
HSS3X1-1/2X.125,HSS,0.0000956,,,3.48,0.0000000044096,0.0000000014768,0.00000115784,0.00000077736,6.33
HSS3X1X.188,HSS,0.000119,,,4.32,0.0000000044512,7.1968E-10,0.00000116932,0.0000005658,7.86
HSS3X1X.125,HSS,0.000084,,,3.05,0.00000000339872,5.7408E-10,0.0000008938,0.00000045264,5.55
HSS2-1/2X2-1/2X.313,HSS,0.000235,,,8.45,0.0000000075712,0.0000000075712,0.0000023944,0.0000023944,15.38
HSS2-1/2X2-1/2X.250,HSS,0.000197,,,7.11,0.0000000067808,0.0000000067808,0.000002132,0.000002132,12.94
HSS2-1/2X2-1/2X.188,HSS,0.000154,,,5.59,0.000000005616,0.000000005616,0.0000017712,0.0000017712,10.17
HSS2-1/2X2-1/2X.125,HSS,0.000107,,,3.9,0.00000000415168,0.00000000415168,0.00000131036,0.00000131036,7.1
HSS2-1/2X2X.250,HSS,0.000174,,,6.26,0.0000000055328,0.0000000038688,0.0000017384,0.0000015252,11.39
HSS2-1/2X2X.188,HSS,0.000137,,,4.96,0.0000000046592,0.00000000326976,0.00000146616,0.00000128904,9.03
HSS2-1/2X2X.125,HSS,0.0000956,,,3.48,0.00000000346528,0.00000000245024,0.00000109388,0.00000096596,6.33
HSS2-1/2X1-1/2X.250,HSS,0.000151,,,5.41,0.0000000042848,0.00000000186784,0.00000134808,0.00000098236,9.85
HSS2-1/2X1-1/2X.188,HSS,0.000119,,,4.32,0.00000000366912,0.0000000016224,0.0000011562,0.0000008528,7.86
HSS2-1/2X1-1/2X.125,HSS,0.000084,,,3.05,0.00000000277888,0.000000001248,0.0000008774,0.00000065436,5.55
HSS2-1/2X1X.188,HSS,0.000102,,,3.68,0.00000000268736,5.9488E-10,0.00000084788,0.0000004674,6.7
HSS2-1/2X1X.125,HSS,0.0000724,,,2.63,0.00000000209248,4.784E-10,0.00000066092,0.0000003772,4.79
HSS2-1/4X2-1/4X.250,HSS,0.000174,,,6.26,0.0000000047008,0.0000000047008,0.0000016564,0.0000016564,11.39
HSS2-1/4X2-1/4X.188,HSS,0.000137,,,4.96,0.00000000396448,0.00000000396448,0.00000138908,0.00000138908,9.03
HSS2-1/4X2-1/4X.125,HSS,0.0000956,,,3.48,0.00000000296192,0.00000000296192,0.00000103812,0.00000103812,6.33
HSS2X2X.250,HSS,0.000151,,,5.41,0.00000000310752,0.00000000310752,0.00000122508,0.00000122508,9.85
HSS2X2X.188,HSS,0.000119,,,4.32,0.00000000266656,0.00000000266656,0.00000105124,0.00000105124,7.86
HSS2X2X.125,HSS,0.000084,,,3.05,0.00000000202176,0.00000000202176,0.00000079704,0.00000079704,5.55
HSS2X1-1/2X.188,HSS,0.000102,,,3.68,0.0000000020592,0.00000000130208,0.0000008118,0.00000068388,6.7
HSS2X1-1/2X.125,HSS,0.0000724,,,2.63,0.00000000159328,0.00000000101504,0.00000062812,0.000000533,4.79
HSS2X1X.188,HSS,0.0000845,,,3.04,0.000000001456,4.6592E-10,0.000000574,0.000000369,5.53
HSS2X1X.125,HSS,0.0000608,,,2.2,0.0000000011648,3.83552E-10,0.0000004592,0.00000030176,4
HSS1-1/2X1-1/2X0.250,HSS,0.000104,,,3.71,0.0000000010816,0.0000000010816,0.00000056744,0.00000056744,6.75
HSS1-1/2X1-1/2X0.188,HSS,0.0000845,,,3.04,9.8176E-10,9.8176E-10,0.0000005166,0.0000005166,5.53
HSS1-1/2X1-1/2X0.125,HSS,0.0000608,,,2.2,7.8208E-10,7.8208E-10,0.00000041164,0.00000041164,4
HSS28X1.000,HSS,0.00791,,,288.63,0.00003016,0.00003016,0.00084952,0.00084952,525.31
HSS28X.875,HSS,0.00695,,,253.72,0.0000267488,0.0000267488,0.00075276,0.00075276,461.77
HSS28X.750,HSS,0.00598,,,218.48,0.0000232128,0.0000232128,0.00065272,0.00065272,397.63
HSS28X.625,HSS,0.00501,,,182.9,0.0000195936,0.0000195936,0.00055104,0.00055104,332.88
HSS28X.500,HSS,0.00402,,,146.99,0.0000158496,0.0000158496,0.00044608,0.00044608,267.52
HSS28X.375,HSS,0.00303,,,110.74,0.000012064,0.000012064,0.00033948,0.00033948,201.55
HSS26X.750,HSS,0.00554,,,202.44,0.0000184704,0.0000184704,0.00056088,0.00056088,368.44
HSS26X.625,HSS,0.00464,,,169.54,0.0000156,0.0000156,0.00047396,0.00047396,308.56
HSS26X.500,HSS,0.00373,,,136.3,0.0000126464,0.0000126464,0.00038376,0.00038376,248.07
HSS26X.375,HSS,0.00281,,,102.73,0.0000096096,0.0000096096,0.00029192,0.00029192,186.97
HSS26X.313,HSS,0.00235,,,85.81,0.0000080704,0.0000080704,0.00024436,0.00024436,156.17
HSS24X1.000,HSS,0.00674,,,245.87,0.0000186784,0.0000186784,0.00061336,0.00061336,447.48
HSS24X.875,HSS,0.00593,,,216.31,0.0000165984,0.0000165984,0.00054448,0.00054448,393.68
HSS24X.750,HSS,0.00511,,,186.41,0.0000144352,0.0000144352,0.00047396,0.00047396,339.27
HSS24X.625,HSS,0.00428,,,156.18,0.0000121888,0.0000121888,0.00040016,0.00040016,284.25
HSS24X.500,HSS,0.00344,,,125.61,0.0000099008,0.0000099008,0.00032472,0.00032472,228.61
HSS24X.375,HSS,0.00259,,,94.71,0.0000075296,0.0000075296,0.00024764,0.00024764,172.37
HSS24X.313,HSS,0.00216,,,79.13,0.0000063232,0.0000063232,0.00020828,0.00020828,144.02
HSS22X.750,HSS,0.00467,,,170.37,0.000011024,0.000011024,0.00039524,0.00039524,310.07
HSS22X.625,HSS,0.00391,,,142.81,0.0000093184,0.0000093184,0.00033456,0.00033456,259.91
HSS22X.500,HSS,0.00315,,,114.92,0.0000075712,0.0000075712,0.00027224,0.00027224,209.15
HSS22X.375,HSS,0.00237,,,86.69,0.0000057824,0.0000057824,0.00020664,0.00020664,157.78
HSS22X.313,HSS,0.00198,,,72.45,0.0000048672,0.0000048672,0.00017384,0.00017384,131.86
HSS20X1.000,HSS,0.00557,,,203.11,0.0000105664,0.0000105664,0.00041656,0.00041656,369.66
HSS20X.875,HSS,0.0049,,,178.89,0.0000094016,0.0000094016,0.00037064,0.00037064,325.58
HSS20X.750,HSS,0.00423,,,154.34,0.0000081952,0.0000081952,0.00032308,0.00032308,280.9
HSS20X.625,HSS,0.00355,,,129.45,0.0000069472,0.0000069472,0.00027388,0.00027388,235.6
HSS20X.500,HSS,0.00285,,,104,0.0000056576,0.0000056576,0.00022304,0.00022304,189.28
HSS20X.375,HSS,0.00215,,,78.67,0.0000043264,0.0000043264,0.00017056,0.00017056,143.18
HSS20X.313,HSS,0.0018,,,65.77,0.00000363584,0.00000363584,0.000143336,0.000143336,119.7
HSS20X.250,HSS,0.00144,,,52.78,0.0000029328,0.0000029328,0.00011562,0.00011562,96.06
HSS18X1.000,HSS,0.00499,,,181.73,0.0000075712,0.0000075712,0.00033128,0.00033128,330.75
HSS18X.875,HSS,0.00439,,,160.19,0.0000067808,0.0000067808,0.00029684,0.00029684,291.55
HSS18X.750,HSS,0.00379,,,138.3,0.0000059072,0.0000059072,0.00025912,0.00025912,251.71
HSS18X.625,HSS,0.00318,,,116.09,0.0000050336,0.0000050336,0.00021976,0.00021976,211.28
HSS18X.500,HSS,0.00256,,,93.54,0.0000040976,0.0000040976,0.00017876,0.00017876,170.24
HSS18X.375,HSS,0.00194,,,70.66,0.00000313664,0.00000313664,0.000137432,0.000137432,128.6
HSS18X.313,HSS,0.00162,,,59.09,0.00000263744,0.00000263744,0.000115456,0.000115456,107.54
HSS18X.250,HSS,0.0013,,,47.44,0.00000212992,0.00000212992,0.000093316,0.000093316,86.34
HSS16X1.000,HSS,0.0044,,,160.35,0.0000052,0.0000052,0.00025748,0.00025748,291.84
HSS16X.875,HSS,0.00388,,,141.48,0.0000046592,0.0000046592,0.0002296,0.0002296,257.49
HSS16X.750,HSS,0.00335,,,122.27,0.00000409344,0.00000409344,0.00020172,0.00020172,222.53
HSS16X.625,HSS,0.00281,,,103,0.00000348608,0.00000348608,0.0001722,0.0001722,187.46
HSS16X.500,HSS,0.00227,,,82.85,0.0000028496,0.0000028496,0.000140548,0.000140548,150.79
HSS16X.438,HSS,0.00199,,,72.87,0.00000252096,0.00000252096,0.000124312,0.000124312,132.62
HSS16X.375,HSS,0.00172,,,62.64,0.00000218816,0.00000218816,0.000107748,0.000107748,114
HSS16X.312,HSS,0.00144,,,52.32,0.00000184288,0.00000184288,0.000090856,0.000090856,95.22
HSS16X.250,HSS,0.00115,,,42.09,0.00000149344,0.00000149344,0.000073472,0.000073472,76.6
HSS14X1.000,HSS,0.00382,,,138.97,0.0000034112,0.0000034112,0.00019188,0.00019188,252.93
HSS14X.875,HSS,0.00337,,,122.77,0.0000030576,0.0000030576,0.0001722,0.0001722,223.44
HSS14X.750,HSS,0.00291,,,106.23,0.00000269152,0.00000269152,0.000151536,0.000151536,193.34
HSS14X.625,HSS,0.00245,,,89.36,0.00000229632,0.00000229632,0.000129396,0.000129396,162.64
HSS14X.500,HSS,0.00198,,,72.16,0.00000188448,0.00000188448,0.000106272,0.000106272,131.33
HSS14X.375,HSS,0.0015,,,54.62,0.00000145184,0.00000145184,0.000081672,0.000081672,99.41
HSS14X.312,HSS,0.00125,,,45.65,0.0000012272,0.0000012272,0.000069044,0.000069044,83.08
HSS14X.250,HSS,0.00101,,,36.75,0.00000099424,0.00000099424,0.000055924,0.000055924,66.89
HSS14X.188,HSS,0.000757,,,27.69,0.00000075296,0.00000075296,0.000042476,0.000042476,50.4
HSS13.375X.625,HSS,0.00234,,,85.19,0.00000199264,0.00000199264,0.000117424,0.000117424,155.05
HSS13.375X.500,HSS,0.00189,,,68.82,0.00000163488,0.00000163488,0.000096432,0.000096432,125.25
HSS13.375X.375,HSS,0.00143,,,52.11,0.00000126048,0.00000126048,0.000074292,0.000074292,94.84
HSS13.375X.313,HSS,0.00119,,,43.64,0.00000106496,0.00000106496,0.000062648,0.000062648,79.42
HSS13.375X.250,HSS,0.00096,,,35.08,0.00000086112,0.00000086112,0.00005084,0.00005084,63.85
HSS13.375X.188,HSS,0.000723,,,26.43,0.00000065728,0.00000065728,0.000038704,0.000038704,48.1
HSS12.75X.750,HSS,0.00264,,,96.21,0.00000200096,0.00000200096,0.00012382,0.00012382,175.1
HSS12.75X.625,HSS,0.00222,,,81.01,0.00000171392,0.00000171392,0.000106108,0.000106108,147.44
HSS12.75X.500,HSS,0.00179,,,65.48,0.00000141024,0.00000141024,0.000087248,0.000087248,119.17
HSS12.75X.375,HSS,0.00136,,,49.61,0.00000108992,0.00000108992,0.00006724,0.00006724,90.29
HSS12.75X.250,HSS,0.000916,,,33.41,0.0000007488,0.0000007488,0.000046248,0.000046248,60.81
HSS12.75X.188,HSS,0.000689,,,25.18,0.00000056576,0.00000056576,0.000035096,0.000035096,45.83
HSS12X.625,HSS,0.00209,,,76,0.00000141856,0.00000141856,0.000093152,0.000093152,138.32
HSS12X.500,HSS,0.00169,,,61.47,0.00000116896,0.00000116896,0.000076752,0.000076752,111.88
HSS12X.375,HSS,0.00128,,,46.6,0.00000090272,0.00000090272,0.000059204,0.000059204,84.81
HSS12X.250,HSS,0.00086,,,31.4,0.00000061984,0.00000061984,0.000040672,0.000040672,57.15
HSS11.75X.625,HSS,0.00204,,,74.33,0.00000132704,0.00000132704,0.000089052,0.000089052,135.28
HSS11.75X.500,HSS,0.00165,,,60.13,0.00000109408,0.00000109408,0.000073308,0.000073308,109.44
HSS11.75X.375,HSS,0.00125,,,45.6,0.00000084448,0.00000084448,0.000056744,0.000056744,82.99
HSS11.75X.337,HSS,0.00113,,,41.12,0.00000076544,0.00000076544,0.000051496,0.000051496,74.84
HSS11.75X.250,HSS,0.000841,,,30.73,0.0000005824,0.0000005824,0.000039032,0.000039032,55.93
HSS10.75X.625,HSS,0.00186,,,67.65,0.00000100256,0.00000100256,0.000073472,0.000073472,123.12
HSS10.75X.500,HSS,0.0015,,,54.79,0.00000082784,0.00000082784,0.00006068,0.00006068,99.72
HSS10.75X.375,HSS,0.00114,,,41.59,0.00000064064,0.00000064064,0.000047068,0.000047068,75.69
HSS10.75X.313,HSS,0.000955,,,34.87,0.00000054496,0.00000054496,0.000039852,0.000039852,63.46
HSS10.75X.250,HSS,0.00077,,,28.06,0.00000044096,0.00000044096,0.000032472,0.000032472,51.07
HSS10.75X.188,HSS,0.000579,,,21.17,0.00000033696,0.00000033696,0.000024764,0.000024764,38.53
HSS10X.625,HSS,0.00172,,,62.64,0.00000079456,0.00000079456,0.000062812,0.000062812,114
HSS10X.500,HSS,0.00139,,,50.78,0.00000066144,0.00000066144,0.000051988,0.000051988,92.42
HSS10X.375,HSS,0.00106,,,38.58,0.00000051168,0.00000051168,0.000040508,0.000040508,70.22
HSS10X.312,HSS,0.000888,,,32.31,0.0000004368,0.0000004368,0.000034276,0.000034276,58.8
HSS10X.250,HSS,0.000715,,,26.06,0.000000354848,0.000000354848,0.000028044,0.000028044,47.43
HSS10X.188,HSS,0.000537,,,19.72,0.000000269568,0.000000269568,0.00002132,0.00002132,35.89
HSS9.625X.625,HSS,0.00165,,,60.13,0.0000007072,0.0000007072,0.000057728,0.000057728,109.44
HSS9.625X.500,HSS,0.00134,,,48.77,0.00000058656,0.00000058656,0.000047888,0.000047888,88.76
HSS9.625X.375,HSS,0.00102,,,37.08,0.0000004576,0.0000004576,0.000037392,0.000037392,67.49
HSS9.625X.312,HSS,0.000853,,,31.06,0.00000038688,0.00000038688,0.000031652,0.000031652,56.53
HSS9.625X.250,HSS,0.000687,,,25.06,0.000000315744,0.000000315744,0.000025912,0.000025912,45.61
HSS9.625X.188,HSS,0.000517,,,18.97,0.000000240032,0.000000240032,0.00001968,0.00001968,34.53
HSS8.625X.625,HSS,0.00147,,,53.45,0.00000049504,0.00000049504,0.000045428,0.000045428,97.28
HSS8.625X.500,HSS,0.00119,,,43.43,0.000000416,0.000000416,0.000037884,0.000037884,79.04
HSS8.625X.375,HSS,0.000907,,,33.07,0.000000323648,0.000000323648,0.00002952,0.00002952,60.19
HSS8.625X.322,HSS,0.000785,,,28.58,0.000000283296,0.000000283296,0.000025912,0.000025912,52.02
HSS8.625X.250,HSS,0.000614,,,22.38,0.000000225056,0.000000225056,0.0000205,0.0000205,40.73
HSS8.625X.188,HSS,0.000462,,,16.96,0.000000171808,0.000000171808,0.0000156948,0.0000156948,30.87
HSS7.5X.500,HSS,0.00103,,,37.42,0.000000265824,0.000000265824,0.00002788,0.00002788,68.1
HSS7.5X.375,HSS,0.000784,,,28.56,0.000000208832,0.000000208832,0.000021976,0.000021976,51.98
HSS7.5X.312,HSS,0.000659,,,23.97,0.000000178464,0.000000178464,0.000018696,0.000018696,43.63
HSS7.5X.250,HSS,0.000532,,,19.38,0.000000146432,0.000000146432,0.0000153668,0.0000153668,35.27
HSS7.5X.188,HSS,0.0004,,,14.7,0.000000111904,0.000000111904,0.0000117588,0.0000117588,26.75
HSS7X.500,HSS,0.000955,,,34.74,0.000000212992,0.000000212992,0.000023944,0.000023944,63.23
HSS7X.375,HSS,0.000729,,,26.56,0.000000168064,0.000000168064,0.000019024,0.000019024,48.34
HSS7X.312,HSS,0.000613,,,22.31,0.000000143936,0.000000143936,0.0000162032,0.0000162032,40.6
HSS7X.250,HSS,0.000495,,,18.04,0.000000118144,0.000000118144,0.0000133004,0.0000133004,32.83
HSS7X.188,HSS,0.000373,,,13.69,0.000000090272,0.000000090272,0.0000101844,0.0000101844,24.92
HSS7X.125,HSS,0.000251,,,9.19,0.000000061984,0.000000061984,0.00000697,0.00000697,16.73
HSS6.875X.375,HSS,0.000716,,,26.06,0.000000158912,0.000000158912,0.000018204,0.000018204,47.43
HSS6.875X.312,HSS,0.000602,,,21.89,0.000000136032,0.000000136032,0.0000155964,0.0000155964,39.84
HSS6.875X.250,HSS,0.000486,,,17.71,0.000000111488,0.000000111488,0.0000128084,0.0000128084,32.23
HSS6.875X.188,HSS,0.000366,,,13.44,0.000000085696,0.000000085696,0.0000098236,0.0000098236,24.46
HSS6.625X.500,HSS,0.0009,,,32.74,0.000000178464,0.000000178464,0.00002132,0.00002132,59.59
HSS6.625X.432,HSS,0.000786,,,28.6,0.000000158912,0.000000158912,0.00001886,0.00001886,52.05
HSS6.625X.375,HSS,0.000688,,,25.06,0.00000014144,0.00000014144,0.000016892,0.000016892,45.61
HSS6.625X.312,HSS,0.000579,,,21.06,0.000000121056,0.000000121056,0.0000144156,0.0000144156,38.33
HSS6.625X.280,HSS,0.00052,,,18.99,0.000000109824,0.000000109824,0.0000130544,0.0000130544,34.56
HSS6.625X.250,HSS,0.000468,,,17.04,0.000000099424,0.000000099424,0.0000118408,0.0000118408,31.01
HSS6.625X.188,HSS,0.000353,,,12.94,0.000000076544,0.000000076544,0.0000090856,0.0000090856,23.55
HSS6.625X.125,HSS,0.000237,,,8.69,0.000000052416,0.000000052416,0.0000062156,0.0000062156,15.82
HSS6X.500,HSS,0.000809,,,29.4,0.000000129792,0.000000129792,0.000017056,0.000017056,53.51
HSS6X.375,HSS,0.00062,,,22.55,0.000000103168,0.000000103168,0.0000135792,0.0000135792,41.04
HSS6X.312,HSS,0.000522,,,18.97,0.000000088608,0.000000088608,0.0000116604,0.0000116604,34.53
HSS6X.280,HSS,0.000469,,,17.12,0.000000080288,0.000000080288,0.000010578,0.000010578,31.16
HSS6X.250,HSS,0.000422,,,15.37,0.000000073216,0.000000073216,0.0000096104,0.0000096104,27.97
HSS6X.188,HSS,0.000318,,,11.68,0.00000005616,0.00000005616,0.0000073964,0.0000073964,21.26
HSS6X.125,HSS,0.000214,,,7.85,0.0000000386048,0.0000000386048,0.0000050676,0.0000050676,14.29
HSS5.563X.500,HSS,0.000745,,,27.06,0.000000101504,0.000000101504,0.0000143828,0.0000143828,49.25
HSS5.563X.375,HSS,0.000572,,,20.8,0.00000008112,0.00000008112,0.0000115128,0.0000115128,37.86
HSS5.563X.258,HSS,0.000401,,,14.63,0.000000059072,0.000000059072,0.0000083968,0.0000083968,26.63
HSS5.563X.188,HSS,0.000295,,,10.8,0.000000044512,0.000000044512,0.000006314,0.000006314,19.66
HSS5.563X.134,HSS,0.000212,,,7.78,0.0000000326144,0.0000000326144,0.0000046248,0.0000046248,14.16
HSS5.5X.500,HSS,0.000736,,,26.73,0.00000009776,0.00000009776,0.000014022,0.000014022,48.65
HSS5.5X.375,HSS,0.000565,,,20.55,0.000000078208,0.000000078208,0.0000112176,0.0000112176,37.4
HSS5.5X.258,HSS,0.000397,,,14.46,0.000000056992,0.000000056992,0.0000082,0.0000082,26.32
HSS5X.500,HSS,0.000662,,,24.05,0.000000071552,0.000000071552,0.0000112832,0.0000112832,43.77
HSS5X.375,HSS,0.00051,,,18.54,0.000000057824,0.000000057824,0.000009102,0.000009102,33.74
HSS5X.312,HSS,0.00043,,,15.64,0.00000004992,0.00000004992,0.0000078556,0.0000078556,28.46
HSS5X.258,HSS,0.000359,,,13.08,0.000000042432,0.000000042432,0.0000066912,0.0000066912,23.81
HSS5X.250,HSS,0.000349,,,12.69,0.0000000413504,0.0000000413504,0.0000065108,0.0000065108,23.1
HSS5X.188,HSS,0.000264,,,9.67,0.0000000319904,0.0000000319904,0.0000050512,0.0000050512,17.6
HSS5X.125,HSS,0.000178,,,6.51,0.0000000220896,0.0000000220896,0.0000034768,0.0000034768,11.85
HSS4.5X.375,HSS,0.000455,,,16.54,0.0000000410592,0.0000000410592,0.0000071996,0.0000071996,30.1
HSS4.5X.337,HSS,0.000412,,,15,0.0000000377312,0.0000000377312,0.0000066092,0.0000066092,27.3
HSS4.5X.237,HSS,0.000296,,,10.8,0.0000000282464,0.0000000282464,0.0000049528,0.0000049528,19.66
HSS4.5X.188,HSS,0.000236,,,8.67,0.0000000230464,0.0000000230464,0.0000040344,0.0000040344,15.78
HSS4.5X.125,HSS,0.00016,,,5.85,0.0000000159744,0.0000000159744,0.0000028044,0.0000028044,10.65
HSS4X.313,HSS,0.000339,,,12.34,0.0000000244192,0.0000000244192,0.0000048052,0.0000048052,22.46
HSS4X.250,HSS,0.000276,,,10,0.0000000204256,0.0000000204256,0.000004018,0.000004018,18.2
HSS4X.237,HSS,0.000261,,,9.53,0.0000000194688,0.0000000194688,0.0000038376,0.0000038376,17.34
HSS4X.226,HSS,0.00025,,,9.12,0.00000001872,0.00000001872,0.00000369,0.00000369,16.6
HSS4X.220,HSS,0.000244,,,8.89,0.0000000183456,0.0000000183456,0.0000036244,0.0000036244,16.18
HSS4X.188,HSS,0.000209,,,7.66,0.0000000159328,0.0000000159328,0.0000031488,0.0000031488,13.94
HSS4X.125,HSS,0.000142,,,5.18,0.0000000111072,0.0000000111072,0.0000021976,0.0000021976,9.43
HSS3.5X.313,HSS,0.000293,,,10.66,0.0000000158496,0.0000000158496,0.0000035752,0.0000035752,19.4
HSS3.5X.300,HSS,0.000282,,,10.26,0.0000000153504,0.0000000153504,0.0000034604,0.0000034604,18.67
HSS3.5X.250,HSS,0.000239,,,8.69,0.0000000133536,0.0000000133536,0.0000030012,0.0000030012,15.82
HSS3.5X.216,HSS,0.000208,,,7.58,0.0000000118144,0.0000000118144,0.0000026732,0.0000026732,13.8
HSS3.5X.203,HSS,0.000197,,,7.15,0.000000011232,0.000000011232,0.0000025256,0.0000025256,13.01
HSS3.5X.188,HSS,0.000182,,,6.66,0.0000000104832,0.0000000104832,0.0000023616,0.0000023616,12.12
HSS3.5X.125,HSS,0.000123,,,4.51,0.0000000073632,0.0000000073632,0.0000016564,0.0000016564,8.21
HSS3X.250,HSS,0.000203,,,7.35,0.000000008112,0.000000008112,0.000002132,0.000002132,13.38
HSS3X.216,HSS,0.000177,,,6.43,0.0000000072384,0.0000000072384,0.0000019024,0.0000019024,11.7
HSS3X.203,HSS,0.000167,,,6.07,0.0000000069056,0.0000000069056,0.000001804,0.000001804,11.05
HSS3X.188,HSS,0.000154,,,5.65,0.000000006448,0.000000006448,0.0000016892,0.0000016892,10.28
HSS3X.152,HSS,0.000127,,,4.63,0.000000005408,0.000000005408,0.0000014186,0.0000014186,8.43
HSS3X.134,HSS,0.000112,,,4.11,0.0000000048256,0.0000000048256,0.00000126936,0.00000126936,7.48
HSS3X.125,HSS,0.000105,,,3.84,0.0000000045344,0.0000000045344,0.0000011972,0.0000011972,6.99
HSS2.875X.250,HSS,0.000193,,,7.02,0.000000007072,0.000000007072,0.0000019352,0.0000019352,12.78
HSS2.875X.203,HSS,0.000159,,,5.8,0.000000006032,0.000000006032,0.0000016564,0.0000016564,10.56
HSS2.875X.188,HSS,0.000148,,,5.4,0.000000005616,0.000000005616,0.00000154324,0.00000154324,9.83
HSS2.875X.125,HSS,0.000101,,,3.67,0.00000000398528,0.00000000398528,0.00000109388,0.00000109388,6.68
HSS2.5X.250,HSS,0.000166,,,6.01,0.0000000044928,0.0000000044928,0.00000141368,0.00000141368,10.94
HSS2.5X.188,HSS,0.000127,,,4.65,0.0000000035984,0.0000000035984,0.00000113488,0.00000113488,8.46
HSS2.5X.125,HSS,0.0000869,,,3.17,0.00000000257504,0.00000000257504,0.0000008118,0.0000008118,5.77
HSS2.375X.250,HSS,0.000157,,,5.68,0.0000000037856,0.0000000037856,0.00000125624,0.00000125624,10.34
HSS2.375X.218,HSS,0.000139,,,5.03,0.00000000342784,0.00000000342784,0.00000113816,0.00000113816,9.15
HSS2.375X.188,HSS,0.00012,,,4.4,0.00000000304928,0.00000000304928,0.00000101188,0.00000101188,8.01
HSS2.375X.154,HSS,0.0001,,,3.66,0.00000000260832,0.00000000260832,0.00000086592,0.00000086592,6.66
HSS2.375X.125,HSS,0.0000823,,,3.01,0.00000000219232,0.00000000219232,0.00000072652,0.00000072652,5.48
HSS1.9X.188,HSS,0.0000943,,,3.44,0.0000000014768,0.0000000014768,0.00000061336,0.00000061336,6.26
HSS1.9X.145,HSS,0.0000749,,,2.72,0.00000000121888,0.00000000121888,0.00000050676,0.00000050676,4.95
HSS1.9X.120,HSS,0.0000624,,,2.28,0.00000000104416,0.00000000104416,0.00000043296,0.00000043296,4.15
HSS1.66X.140,HSS,0.0000625,,,2.27,7.6544E-10,7.6544E-10,0.00000036408,0.00000036408,4.13
