Shape,Area (m2),Depth (m),Width (m),Ix (m4),Iy (m4),Plastic Mod Xp (m3),Plastic Mod Yp (m3),Cost per Meter (usd)
W100x19,0.00248,0.106,0.103,0.00000477,0.00000161,0.000103,0.000048,32.12
W130x24,0.00302,0.127,0.127,0.00000884,0.00000311,0.000157,0.0000746,39.12
W130x28,0.00359,0.131,0.128,0.000011,0.00000381,0.000191,0.0000908,46.5
W150x13,0.00161,0.148,0.1,0.00000613,0.000000818,0.000093,0.0000253,20.85
W150x14,0.00173,0.15,0.1,0.00000687,0.000000918,0.000103,0.0000283,22.41
W150x18,0.00229,0.153,0.102,0.00000917,0.00000126,0.000136,0.0000383,29.66
W150x22,0.00286,0.152,0.152,0.0000121,0.00000387,0.000177,0.0000776,37.04
W150x24,0.00306,0.16,0.102,0.0000134,0.00000183,0.000192,0.0000553,39.63
W150x30,0.00381,0.157,0.153,0.0000172,0.00000556,0.000245,0.000111,49.35
W150x37,0.00475,0.162,0.154,0.0000223,0.00000707,0.000311,0.00014,61.52
W200x15,0.0019,0.2,0.1,0.0000127,0.000000869,0.000145,0.0000271,24.61
W200x19,0.00248,0.203,0.102,0.0000166,0.00000115,0.000187,0.0000356,32.12
W200x21,0.0027,0.203,0.133,0.0000198,0.00000251,0.000217,0.000058,34.97
W200x22,0.00286,0.206,0.102,0.00002,0.00000142,0.000222,0.0000437,37.04
W200x27,0.00339,0.207,0.133,0.0000258,0.0000033,0.000279,0.0000761,43.91
W200x31,0.004,0.21,0.134,0.0000314,0.0000041,0.000335,0.0000938,51.81
W200x36,0.00457,0.201,0.165,0.0000344,0.00000764,0.000379,0.000141,59.19
W200x42,0.00531,0.205,0.166,0.0000409,0.000009,0.000445,0.000165,68.78
W200x46,0.00586,0.203,0.203,0.0000454,0.0000153,0.000495,0.000229,75.9
W200x52,0.00665,0.206,0.204,0.0000527,0.0000178,0.000569,0.000266,86.13
W200x59,0.00756,0.21,0.205,0.0000611,0.0000204,0.000653,0.000303,97.92
W200x71,0.0091,0.216,0.206,0.0000766,0.0000254,0.000803,0.000375,117.87
W200x86,0.011,0.222,0.209,0.0000947,0.0000314,0.000981,0.000458,142.48
W200x100,0.0127,0.229,0.21,0.000113,0.0000366,0.00115,0.000533,164.5
W250x18,0.00227,0.251,0.101,0.0000224,0.000000913,0.000207,0.0000286,29.4
W250x22,0.00285,0.254,0.102,0.0000289,0.00000123,0.000263,0.0000381,36.91
W250x24,0.00311,0.253,0.145,0.0000347,0.00000326,0.000307,0.000069,40.28
W250x25,0.00323,0.257,0.102,0.0000342,0.00000149,0.000307,0.0000462,41.84
W250x28,0.00363,0.26,0.102,0.00004,0.00000178,0.000353,0.0000547,47.02
W250x33,0.00417,0.258,0.146,0.0000489,0.00000473,0.000424,0.0000995,54.01
W250x39,0.00492,0.262,0.147,0.0000601,0.00000594,0.000513,0.000124,63.73
W250x45,0.00572,0.266,0.148,0.0000711,0.00000703,0.000602,0.000146,74.09
W250x49,0.00625,0.247,0.202,0.0000706,0.0000151,0.000633,0.000228,80.95
W250x58,0.00742,0.252,0.203,0.0000873,0.0000188,0.00077,0.000283,96.11
W250x67,0.00855,0.257,0.204,0.000104,0.0000222,0.000901,0.000332,110.74
W250x73,0.00928,0.253,0.254,0.000113,0.0000388,0.000985,0.000463,120.2
W250x80,0.0102,0.256,0.255,0.000126,0.0000431,0.00109,0.000513,132.12
W250x89,0.0114,0.26,0.256,0.000143,0.0000484,0.00123,0.000574,147.66
W250x101,0.0129,0.264,0.257,0.000164,0.0000555,0.0014,0.000656,167.09
W250x115,0.0146,0.269,0.259,0.000189,0.0000641,0.0016,0.000753,189.11
W250x131,0.0167,0.275,0.261,0.000221,0.0000745,0.00185,0.00087,216.31
W250x149,0.019,0.282,0.263,0.000259,0.0000862,0.00213,0.001,246.1
W250x167,0.0213,0.289,0.265,0.0003,0.0000988,0.00243,0.00114,275.89
W310x21,0.00269,0.303,0.101,0.000037,0.000000983,0.000287,0.0000312,34.84
W310x24,0.00304,0.305,0.101,0.0000427,0.00000116,0.000328,0.0000367,39.38
W310x28,0.00361,0.309,0.102,0.0000543,0.00000158,0.000407,0.0000492,46.76
W310x31,0.00393,0.306,0.164,0.0000654,0.00000544,0.000476,0.000102,50.9
W310x33,0.00418,0.313,0.102,0.000065,0.00000192,0.00048,0.0000596,54.14
W310x39,0.00494,0.31,0.165,0.0000851,0.00000727,0.00061,0.000135,63.99
W310x45,0.00569,0.313,0.166,0.0000992,0.00000855,0.000708,0.000158,73.7
W310x52,0.00667,0.318,0.167,0.000119,0.0000103,0.000841,0.000189,86.39
W310x60,0.00753,0.303,0.203,0.000128,0.0000183,0.000933,0.000275,97.53
W310x67,0.00845,0.306,0.204,0.000144,0.0000207,0.00105,0.00031,109.45
W310x74,0.00943,0.31,0.205,0.000164,0.0000234,0.00118,0.00035,122.14
W310x79,0.0101,0.306,0.254,0.000177,0.0000399,0.00128,0.000478,130.82
W310x86,0.011,0.31,0.254,0.000199,0.0000445,0.00142,0.000533,142.48
W310x97,0.0123,0.308,0.305,0.000222,0.0000729,0.00159,0.000725,159.32
W310x107,0.0136,0.311,0.306,0.000248,0.0000812,0.00177,0.000806,176.15
W310x118,0.015,0.314,0.307,0.000275,0.0000902,0.00195,0.000893,194.29
W310x129,0.0165,0.318,0.308,0.000308,0.0001,0.00216,0.000991,213.72
W310x143,0.0182,0.323,0.309,0.000348,0.000113,0.00242,0.00111,235.74
W310x158,0.0201,0.327,0.31,0.000386,0.000125,0.00267,0.00122,260.35
W310x179,0.0228,0.333,0.313,0.000445,0.000144,0.00305,0.0014,295.32
W310x202,0.0258,0.341,0.315,0.00052,0.000166,0.00351,0.00161,334.17
W310x226,0.0289,0.348,0.317,0.000596,0.000189,0.00398,0.00183,374.33
W310x253,0.0322,0.356,0.319,0.000682,0.000215,0.00449,0.00206,417.07
W310x283,0.036,0.365,0.322,0.000787,0.000246,0.0051,0.00234,466.29
W310x313,0.0399,0.374,0.325,0.000896,0.000277,0.00572,0.00262,516.8
W310x342,0.0437,0.382,0.328,0.00101,0.00031,0.00633,0.00291,566.02
W310x375,0.0477,0.391,0.33,0.00113,0.000344,0.007,0.00321,617.83
W310x415,0.0529,0.403,0.334,0.0013,0.000391,0.0079,0.00361,685.19
W310x454,0.0578,0.415,0.336,0.00148,0.000436,0.00882,0.004,748.65
W310x500,0.0638,0.427,0.34,0.00169,0.000494,0.00988,0.00449,826.37
W360x33,0.00417,0.349,0.127,0.0000827,0.00000291,0.000542,0.0000718,54.01
W360x39,0.00498,0.353,0.128,0.000102,0.00000375,0.000662,0.0000917,64.5
W360x45,0.00573,0.352,0.171,0.000122,0.00000818,0.000779,0.000148,74.22
W360x51,0.00645,0.355,0.171,0.000141,0.00000968,0.000894,0.000174,83.54
W360x57,0.00722,0.358,0.172,0.000161,0.0000111,0.00101,0.0002,93.52
W360x64,0.00814,0.347,0.203,0.000178,0.0000188,0.00114,0.000284,105.43
W360x72,0.0091,0.35,0.204,0.000201,0.0000214,0.00128,0.000322,117.87
W360x79,0.0101,0.354,0.205,0.000226,0.0000242,0.00143,0.000362,130.82
W360x91,0.0116,0.353,0.254,0.000267,0.0000448,0.00168,0.000538,150.25
W360x101,0.0129,0.357,0.255,0.000301,0.0000506,0.00188,0.000605,167.09
W360x110,0.014,0.36,0.256,0.000331,0.0000557,0.00206,0.000664,181.33
W360x122,0.0155,0.363,0.257,0.000365,0.0000615,0.00227,0.000732,200.76
W360x134,0.0171,0.356,0.369,0.000415,0.000151,0.00256,0.00124,221.49
W360x147,0.0188,0.36,0.37,0.000463,0.000167,0.00284,0.00137,243.51
W360x162,0.0206,0.364,0.371,0.000516,0.000186,0.00314,0.00152,266.82
W360x179,0.0228,0.368,0.373,0.000575,0.000207,0.00348,0.00168,295.32
W360x196,0.025,0.372,0.374,0.000636,0.000229,0.00384,0.00186,323.81
W360x216,0.0276,0.375,0.394,0.000712,0.000283,0.00426,0.00218,357.49
W360x237,0.0301,0.38,0.395,0.000788,0.00031,0.00469,0.00239,389.87
W360x262,0.0335,0.387,0.398,0.000894,0.00035,0.00526,0.00268,433.91
W360x287,0.0366,0.393,0.399,0.000997,0.000388,0.00581,0.00296,474.06
W360x314,0.0399,0.399,0.401,0.0011,0.000426,0.00637,0.00324,516.8
W360x347,0.0442,0.407,0.404,0.00125,0.000481,0.00714,0.00363,572.5
W360x382,0.0487,0.416,0.406,0.00141,0.000536,0.00797,0.00403,630.79
W360x421,0.0537,0.425,0.409,0.0016,0.000601,0.00888,0.00449,695.55
W360x463,0.059,0.435,0.412,0.0018,0.00067,0.00988,0.00498,764.2
W360x509,0.0649,0.446,0.416,0.00205,0.000754,0.011,0.00555,840.62
W360x551,0.0701,0.455,0.418,0.00226,0.000825,0.0121,0.00605,907.97
W360x592,0.0755,0.465,0.421,0.0025,0.000902,0.0131,0.00657,977.91
W360x634,0.0808,0.474,0.424,0.00274,0.000983,0.0142,0.00712,1046.56
W360x677,0.0863,0.483,0.428,0.00299,0.00107,0.0153,0.00768,1117.8
W360x744,0.0948,0.498,0.432,0.00342,0.0012,0.0172,0.00855,1227.9
W360x818,0.104,0.514,0.437,0.00392,0.00136,0.0193,0.00956,1347.06
W360x900,0.115,0.531,0.442,0.0045,0.00153,0.0216,0.0107,1489.54
W360x990,0.126,0.55,0.448,0.00519,0.00173,0.0243,0.012,1632.01
W360x1086,0.139,0.569,0.454,0.00596,0.00196,0.0272,0.0134,1800.4
W410x39,0.00499,0.399,0.14,0.000127,0.00000404,0.00073,0.0000906,64.63
W410x46,0.00589,0.403,0.14,0.000156,0.00000514,0.000885,0.000115,76.29
W410x54,0.00681,0.403,0.177,0.000186,0.0000101,0.00105,0.000177,88.21
W410x60,0.00758,0.407,0.178,0.000216,0.000012,0.00119,0.000209,98.18
W410x67,0.0086,0.41,0.179,0.000246,0.0000138,0.00136,0.000239,111.39
W410x74,0.00955,0.413,0.18,0.000275,0.0000156,0.00151,0.000269,123.7
W410x85,0.0108,0.417,0.181,0.000315,0.000018,0.00173,0.00031,139.89
W410x100,0.0129,0.415,0.26,0.000404,0.0000496,0.00216,0.000583,167.09
W410x114,0.0148,0.42,0.261,0.000468,0.0000573,0.00249,0.000673,191.7
W410x132,0.017,0.425,0.263,0.000545,0.0000674,0.00289,0.000788,220.19
W410x149,0.0192,0.431,0.265,0.000625,0.0000777,0.00328,0.000902,248.69
W460x52,0.00663,0.45,0.152,0.000212,0.00000634,0.00109,0.000131,85.88
W460x60,0.00759,0.455,0.153,0.000255,0.00000796,0.00128,0.000163,98.31
W460x61,0.00764,0.45,0.189,0.000254,0.0000122,0.00129,0.0002,98.96
W460x67,0.00856,0.454,0.19,0.000295,0.0000145,0.00147,0.000238,110.87
W460x68,0.00873,0.459,0.154,0.000297,0.00000941,0.00149,0.000192,113.08
W460x74,0.00945,0.457,0.19,0.000333,0.0000166,0.00165,0.000271,122.4
W460x82,0.0104,0.46,0.191,0.00037,0.0000186,0.00183,0.000303,134.71
W460x89,0.0114,0.463,0.192,0.00041,0.0000209,0.00201,0.000339,147.66
W460x97,0.0123,0.466,0.193,0.000445,0.0000228,0.00218,0.000368,159.32
W460x106,0.0135,0.469,0.194,0.000488,0.0000251,0.00239,0.000405,174.86
W460x113,0.0144,0.463,0.28,0.000556,0.0000633,0.00267,0.000691,186.52
W460x128,0.0164,0.467,0.282,0.000637,0.0000733,0.00305,0.000796,212.42
W460x144,0.0184,0.472,0.283,0.000726,0.0000836,0.00345,0.000906,238.33
W460x158,0.0201,0.476,0.284,0.000796,0.0000914,0.00378,0.000989,260.35
W460x177,0.0226,0.482,0.286,0.00091,0.000105,0.00428,0.00113,292.73
W460x193,0.0246,0.489,0.283,0.00102,0.000115,0.00475,0.00125,318.63
W460x213,0.0271,0.495,0.285,0.00114,0.000129,0.00527,0.0014,351.01
W460x235,0.0299,0.501,0.287,0.00127,0.000145,0.00584,0.00155,387.28
W460x260,0.0331,0.509,0.289,0.00144,0.000163,0.00653,0.00174,428.73
W460x286,0.0364,0.517,0.291,0.00161,0.000183,0.00724,0.00194,471.47
W460x315,0.04,0.525,0.293,0.0018,0.000204,0.00802,0.00216,518.1
W460x349,0.0444,0.535,0.296,0.00204,0.000233,0.00901,0.00244,575.09
W460x384,0.0489,0.545,0.299,0.00229,0.000261,0.01,0.00273,633.38
W460x421,0.0537,0.555,0.302,0.00257,0.000293,0.0111,0.00303,695.55
W460x464,0.0591,0.567,0.305,0.0029,0.000331,0.0124,0.0034,765.49
W530x66,0.00837,0.525,0.165,0.000351,0.00000857,0.00156,0.000166,108.41
W530x72,0.00912,0.524,0.207,0.0004,0.0000162,0.00175,0.000244,118.13
W530x74,0.00952,0.529,0.166,0.000411,0.0000104,0.00181,0.0002,123.31
W530x82,0.0105,0.528,0.209,0.000477,0.0000203,0.00206,0.000303,136
W530x85,0.0108,0.535,0.166,0.000485,0.0000126,0.0021,0.000242,139.89
W530x92,0.0118,0.533,0.209,0.000552,0.0000238,0.00236,0.000355,152.84
W530x101,0.0129,0.537,0.21,0.000617,0.0000269,0.00262,0.0004,167.09
W530x109,0.0139,0.539,0.211,0.000667,0.0000295,0.00283,0.000437,180.04
W530x123,0.0157,0.544,0.212,0.000761,0.0000338,0.00321,0.000499,203.35
W530x138,0.0176,0.549,0.214,0.000861,0.0000387,0.00361,0.000569,227.96
W530x150,0.0192,0.543,0.312,0.00101,0.000103,0.00415,0.00101,248.69
W530x165,0.0211,0.546,0.313,0.00111,0.000114,0.00455,0.00111,273.3
W530x182,0.0231,0.551,0.315,0.00124,0.000127,0.00504,0.00124,299.2
W530x196,0.025,0.554,0.316,0.00134,0.000139,0.00546,0.00135,323.81
W530x219,0.0279,0.56,0.318,0.00151,0.000157,0.00611,0.00152,361.37
W530x248,0.0314,0.571,0.315,0.00177,0.00018,0.00706,0.00176,406.71
W530x272,0.0346,0.577,0.318,0.00197,0.000202,0.00781,0.00196,448.16
W530x300,0.0382,0.585,0.319,0.00221,0.000225,0.00867,0.00218,494.79
W610x82,0.0105,0.599,0.178,0.000565,0.0000121,0.00221,0.000219,136
W610x84,0.0106,0.596,0.226,0.000603,0.0000226,0.00232,0.000311,137.3
W610x91,0.0115,0.598,0.227,0.000657,0.0000248,0.00252,0.000342,148.95
W610x92,0.0118,0.603,0.179,0.000651,0.0000144,0.00253,0.000259,152.84
W610x101,0.013,0.603,0.228,0.000764,0.0000295,0.0029,0.000404,168.38
W610x113,0.0144,0.608,0.228,0.000875,0.0000343,0.00329,0.000469,186.52
W610x125,0.0159,0.612,0.229,0.000985,0.0000393,0.00367,0.000535,205.94
W610x140,0.0179,0.617,0.23,0.00112,0.0000451,0.00415,0.000613,231.85
W610x153,0.0196,0.623,0.229,0.00125,0.00005,0.0046,0.000682,253.87
W610x155,0.0197,0.611,0.324,0.00129,0.000108,0.00473,0.00102,255.16
W610x174,0.0222,0.616,0.325,0.00147,0.000124,0.00536,0.00117,287.55
W610x195,0.0249,0.622,0.327,0.00168,0.000142,0.00607,0.00134,322.52
W610x217,0.0278,0.628,0.328,0.00191,0.000163,0.00685,0.00153,360.08
W610x241,0.0308,0.635,0.329,0.00215,0.000184,0.00767,0.00173,398.94
W610x262,0.0333,0.641,0.327,0.00236,0.000198,0.00835,0.00187,431.32
W610x285,0.0363,0.647,0.329,0.00261,0.000221,0.00917,0.00207,470.18
W610x307,0.0391,0.653,0.33,0.00284,0.00024,0.00993,0.00224,506.44
W610x341,0.0434,0.661,0.333,0.00318,0.000271,0.0111,0.00252,562.14
W610x372,0.0474,0.669,0.335,0.00353,0.000302,0.0122,0.0028,613.95
W610x415,0.0529,0.679,0.338,0.004,0.000343,0.0137,0.00316,685.19
W610x455,0.0579,0.689,0.34,0.00444,0.000381,0.0151,0.0035,749.95
W610x498,0.0635,0.699,0.343,0.00495,0.000426,0.0167,0.00389,822.48
W610x551,0.0702,0.711,0.347,0.00557,0.000484,0.0186,0.00438,909.27
W690x125,0.016,0.678,0.253,0.00119,0.0000441,0.00401,0.000546,207.24
W690x140,0.0178,0.684,0.254,0.00136,0.0000517,0.00455,0.000636,230.55
W690x152,0.0194,0.688,0.254,0.00151,0.0000578,0.005,0.00071,251.28
W690x170,0.0216,0.693,0.256,0.0017,0.0000662,0.00562,0.000809,279.77
W690x192,0.0244,0.702,0.254,0.00198,0.0000764,0.00646,0.000941,316.04
W690x217,0.0279,0.695,0.355,0.00236,0.000185,0.00761,0.00161,361.37
W690x240,0.0307,0.701,0.356,0.00263,0.000206,0.00843,0.00179,397.64
W690x265,0.0338,0.706,0.358,0.00292,0.000231,0.00933,0.00199,437.79
W690x289,0.0368,0.714,0.356,0.00326,0.000256,0.0103,0.00222,476.65
W690x323,0.0413,0.722,0.359,0.00371,0.000294,0.0117,0.00253,534.94
W690x350,0.0447,0.728,0.36,0.00403,0.000319,0.0126,0.00274,578.98
W690x384,0.049,0.736,0.362,0.00449,0.000357,0.014,0.00305,634.67
W690x419,0.0534,0.744,0.364,0.00495,0.000395,0.0153,0.00337,691.66
W690x457,0.0584,0.752,0.367,0.00547,0.000439,0.0168,0.00372,756.43
W690x500,0.0638,0.762,0.369,0.00606,0.000487,0.0185,0.00411,826.37
W690x548,0.0699,0.772,0.372,0.00673,0.000543,0.0204,0.00457,905.38
W690x802,0.102,0.826,0.387,0.0106,0.000875,0.0309,0.00715,1321.15
W760x134,0.017,0.75,0.264,0.0015,0.0000477,0.00463,0.000568,220.19
W760x147,0.0187,0.753,0.265,0.00166,0.0000529,0.0051,0.000631,242.21
W760x161,0.0204,0.758,0.266,0.00186,0.0000607,0.00566,0.00072,264.23
W760x173,0.0221,0.762,0.267,0.00206,0.0000687,0.00621,0.00081,286.25
W760x185,0.0235,0.766,0.267,0.00223,0.0000751,0.00669,0.000884,304.38
W760x196,0.0251,0.77,0.268,0.0024,0.0000817,0.00717,0.000959,325.11
W760x220,0.0281,0.779,0.266,0.00278,0.0000944,0.00819,0.00111,363.97
W760x257,0.0329,0.773,0.381,0.00343,0.00025,0.00997,0.00202,426.14
W760x284,0.0363,0.779,0.382,0.00383,0.00028,0.0111,0.00226,470.18
W760x314,0.0402,0.786,0.384,0.00429,0.000316,0.0123,0.00254,520.69
W760x350,0.0446,0.795,0.382,0.00487,0.000355,0.0139,0.00287,577.68
W760x389,0.0496,0.803,0.385,0.00545,0.000399,0.0155,0.00321,642.44
W760x434,0.0553,0.813,0.387,0.00619,0.000455,0.0174,0.00365,716.27
W760x484,0.0618,0.823,0.39,0.00699,0.000517,0.0195,0.00412,800.46
W760x531,0.0677,0.833,0.393,0.00777,0.000578,0.0216,0.00458,876.88
W760x582,0.0743,0.843,0.396,0.00862,0.000644,0.0238,0.00508,962.37
W840x176,0.0224,0.835,0.292,0.00246,0.0000782,0.00681,0.000844,290.14
W840x193,0.0247,0.84,0.292,0.00278,0.0000903,0.00762,0.000971,319.93
W840x210,0.0268,0.846,0.293,0.00311,0.000103,0.00843,0.0011,347.13
W840x226,0.0289,0.851,0.294,0.0034,0.000114,0.00916,0.00121,374.33
W840x251,0.0319,0.859,0.292,0.00386,0.000129,0.0103,0.00138,413.18
W840x299,0.0382,0.855,0.4,0.0048,0.000312,0.0127,0.00241,494.79
W840x329,0.042,0.862,0.401,0.00536,0.000349,0.014,0.00269,544
W840x359,0.0458,0.868,0.403,0.00592,0.000389,0.0154,0.00298,593.22
W840x392,0.05,0.877,0.401,0.0066,0.00043,0.017,0.00331,647.62
W840x433,0.0553,0.885,0.404,0.00736,0.000484,0.0189,0.00371,716.27
W840x473,0.0604,0.893,0.406,0.00813,0.000537,0.0208,0.0041,782.33
W840x527,0.0673,0.903,0.409,0.00915,0.000607,0.0233,0.00462,871.7
W840x576,0.0734,0.913,0.411,0.0101,0.000672,0.0256,0.0051,950.71
W920x201,0.0256,0.903,0.304,0.00325,0.0000944,0.00836,0.000982,331.58
W920x223,0.0286,0.911,0.304,0.00377,0.000112,0.00954,0.00116,370.44
W920x238,0.0304,0.915,0.305,0.00406,0.000123,0.0102,0.00127,393.76
W920x253,0.0323,0.919,0.306,0.00438,0.000134,0.011,0.00137,418.37
W920x271,0.0346,0.923,0.307,0.00472,0.000145,0.0118,0.00149,448.16
W920x289,0.0368,0.927,0.308,0.00505,0.000156,0.0126,0.0016,476.65
W920x313,0.0398,0.932,0.309,0.00548,0.00017,0.0136,0.00175,515.51
W920x344,0.0439,0.927,0.418,0.00648,0.00039,0.0158,0.00288,568.61
W920x345,0.044,0.943,0.308,0.00626,0.000195,0.0153,0.002,569.91
W920x368,0.0467,0.931,0.419,0.00696,0.000421,0.0169,0.00311,604.88
W920x381,0.0486,0.951,0.31,0.00697,0.000219,0.017,0.00224,629.49
W920x390,0.0496,0.936,0.42,0.00745,0.000453,0.018,0.00333,642.44
W920x420,0.0536,0.943,0.422,0.00817,0.000501,0.0196,0.00367,694.25
W920x449,0.0573,0.948,0.423,0.00878,0.00054,0.021,0.00395,742.18
W920x491,0.0625,0.957,0.422,0.0097,0.00059,0.0231,0.00434,809.53
W920x537,0.0684,0.965,0.425,0.0107,0.000656,0.0253,0.0048,885.95
W920x588,0.075,0.976,0.427,0.0119,0.000728,0.028,0.00531,971.44
W920x656,0.0837,0.987,0.431,0.0134,0.000831,0.0314,0.00603,1084.12
W920x725,0.0925,0.999,0.434,0.015,0.000932,0.0348,0.00674,1198.11
W920x787,0.1,1.011,0.437,0.0165,0.00103,0.0381,0.00743,1295.25
W920x970,0.124,1.043,0.446,0.021,0.00134,0.0477,0.0095,1606.11
W920x1191,0.152,1.081,0.457,0.027,0.00175,0.0599,0.0122,1968.78
W1000x222,0.0283,0.97,0.3,0.00408,0.0000954,0.0098,0.00102,366.56
W1000x249,0.0317,0.98,0.3,0.00481,0.000118,0.0113,0.00124,410.59
W1000x272,0.0347,0.99,0.3,0.00554,0.00014,0.0128,0.00147,449.45
W1000x296,0.0378,0.982,0.4,0.0062,0.00029,0.0143,0.00224,489.6
W1000x314,0.04,1,0.3,0.00644,0.000162,0.0149,0.00171,518.1
W1000x321,0.0409,0.99,0.4,0.00696,0.000331,0.0158,0.00255,529.76
W1000x350,0.0445,1.008,0.302,0.00723,0.000185,0.0166,0.00194,576.39
W1000x371,0.0473,1,0.4,0.00814,0.000386,0.0184,0.00298,612.65
W1000x393,0.05,1.016,0.303,0.00808,0.000205,0.0185,0.00217,647.62
W1000x412,0.0525,1.008,0.402,0.0091,0.000434,0.0205,0.00335,680.01
W1000x415,0.0528,1.02,0.304,0.00852,0.000217,0.0195,0.0023,683.89
W1000x438,0.0556,1.026,0.305,0.00909,0.000234,0.0207,0.00246,720.16
W1000x443,0.0564,1.012,0.402,0.00967,0.000455,0.0218,0.00353,730.52
W1000x483,0.0615,1.02,0.404,0.0107,0.000507,0.0239,0.00392,796.58
W1000x486,0.0619,1.036,0.308,0.0102,0.000266,0.0232,0.00279,801.76
W1000x494,0.0629,1.036,0.309,0.0103,0.000268,0.0234,0.00282,814.71
W1000x539,0.0687,1.03,0.407,0.012,0.000576,0.0268,0.00444,889.84
W1000x554,0.0707,1.032,0.408,0.0123,0.000592,0.0275,0.00455,915.74
W1000x584,0.0745,1.056,0.314,0.0125,0.000334,0.0281,0.00348,964.96
W1000x591,0.0753,1.04,0.409,0.0133,0.00064,0.0295,0.00492,975.32
W1000x642,0.0817,1.048,0.412,0.0145,0.000702,0.0321,0.00537,1058.22
W1000x748,0.0955,1.068,0.417,0.0173,0.000852,0.0379,0.00647,1236.96
W1000x883,0.113,1.092,0.424,0.021,0.00105,0.0453,0.00787,1463.63
W1100x343,0.0436,1.09,0.4,0.00867,0.000331,0.0181,0.00257,564.73
W1100x390,0.0499,1.1,0.4,0.0101,0.000386,0.0208,0.003,646.33
W1100x433,0.0553,1.108,0.402,0.0113,0.000435,0.0232,0.00337,716.27
W1100x499,0.0634,1.118,0.405,0.0129,0.0005,0.0266,0.00387,821.19
L19x19x3.2,0.000111,0.0191,0.0191,0.000000005738,0.00000000154,-,-,1.26
L25x25x3.2,0.000151,0.0254,0.0254,0.000000014372,0.000000003736,-,-,1.72
L25x25x4.8,0.000219,0.0254,0.0254,0.000000019562,0.000000005354,-,-,2.49
L25x25x6.4,0.000282,0.0254,0.0254,0.000000023711,0.000000006988,-,-,3.21
L32x32x3.2,0.000192,0.0318,0.0318,0.000000029306,0.000000007509,-,-,2.19
L32x32x4.8,0.00028,0.0318,0.0318,0.000000040667,0.00000001076,-,-,3.19
L32x32x6.4,0.000364,0.0318,0.0318,0.000000050257,0.000000013933,-,-,4.14
L38x38x3.2,0.000232,0.0381,0.0381,0.000000051685,0.000000013141,-,-,2.64
L38x38x4.8,0.00034,0.0381,0.0381,0.000000072635,0.00000001888,-,-,3.87
L38x38x6.4,0.000444,0.0381,0.0381,0.000000090915,0.000000024401,-,-,5.05
L44x44x3.2,0.000273,0.0445,0.0445,0.000000083864,0.000000021225,-,-,3.11
L44x44x4.8,0.000401,0.0445,0.0445,0.000000118942,0.000000030586,-,-,4.56
L44x44x6.4,0.000525,0.0445,0.0445,0.000000150261,0.000000039545,-,-,5.98
L51x38x3.2,0.000273,0.0508,0.0381,0.000000088798,0.000000018647,-,-,3.11
L51x38x4.8,0.000401,0.0508,0.0381,0.000000126218,0.000000026786,-,-,4.56
L51x38x6.4,0.000524,0.0508,0.0381,0.00000015984,0.000000034539,-,-,5.96
L51x51x3.2,0.000313,0.0508,0.0508,0.00000012645,0.000000031909,-,-,3.56
L51x51x4.8,0.000461,0.0508,0.0508,0.000000180554,0.000000046117,-,-,5.25
L51x51x6.4,0.000605,0.0508,0.0508,0.000000229659,0.000000059698,-,-,6.89
L51x51x7.9,0.000744,0.0508,0.0508,0.000000273767,0.000000072827,-,-,8.47
L51x51x9.5,0.000877,0.0508,0.0508,0.000000313231,0.000000085752,-,-,9.98
L64x51x4.8,0.000521,0.0635,0.0508,0.000000271386,0.000000061422,-,-,5.93
L64x51x6.4,0.000685,0.0635,0.0508,0.000000347451,0.000000079508,-,-,7.8
L64x51x7.9,0.000844,0.0635,0.0508,0.000000416932,0.000000096893,-,-,9.61
L64x51x9.5,0.000998,0.0635,0.0508,0.000000480245,0.000000113854,-,-,11.36
L64x64x4.8,0.000582,0.0635,0.0635,0.000000362822,0.000000091941,-,-,6.62
L64x64x6.4,0.000766,0.0635,0.0635,0.000000465957,0.000000119383,-,-,8.72
L64x64x7.9,0.000945,0.0635,0.0635,0.000000560834,0.000000145787,-,-,10.76
L64x64x9.5,0.00112,0.0635,0.0635,0.000000647905,0.000000171487,-,-,12.75
L64x64x13,0.00145,0.0635,0.0635,0.000000799945,0.000000221846,-,-,16.5
L76x51x4.8,0.000582,0.0762,0.0508,0.000000405491,0.000000072263,-,-,6.62
L76x51x6.4,0.000766,0.0762,0.0508,0.000000522172,0.000000093461,-,-,8.72
L76x51x7.9,0.000945,0.0762,0.0508,0.000000630298,0.000000113743,-,-,10.76
L76x51x9.5,0.00112,0.0762,0.0508,0.000000730363,0.000000133412,-,-,12.75
L76x51x13,0.00145,0.0762,0.0508,0.0000009077,0.0000001719,-,-,16.5
L76x64x4.8,0.000642,0.0762,0.0635,0.000000500629,0.000000117102,-,-,7.31
L76x64x6.4,0.000847,0.0762,0.0635,0.000000645595,0.000000152144,-,-,9.64
L76x64x7.9,0.00105,0.0762,0.0635,0.000000780299,0.000000185801,-,-,11.95
L76x64x9.5,0.00124,0.0762,0.0635,0.000000905258,0.00000021844,-,-,14.11
L76x64x13,0.00161,0.0762,0.0635,0.000001127293,0.000000281823,-,-,18.33
L76x76x4.8,0.000703,0.0762,0.0762,0.000000638938,0.000000161227,-,-,8
L76x76x6.4,0.000927,0.0762,0.0762,0.000000825824,0.00000020996,-,-,10.55
L76x76x7.9,0.00115,0.0762,0.0762,0.000001000373,0.000000256866,-,-,13.09
L76x76x9.5,0.00136,0.0762,0.0762,0.000001163142,0.000000302361,-,-,15.48
L76x76x11,0.00157,0.0762,0.0762,0.000001312835,0.000000346288,-,-,17.87
L76x76x13,0.00177,0.0762,0.0762,0.000001454642,0.000000390414,-,-,20.15
L89x64x6.4,0.000927,0.0889,0.0635,0.000000895739,0.000000176946,-,-,10.55
L89x64x7.9,0.00115,0.0889,0.0635,0.00000108695,0.000000215964,-,-,13.09
L89x64x9.5,0.00136,0.0889,0.0635,0.000001266108,0.000000253674,-,-,15.48
L89x64x13,0.00177,0.0889,0.0635,0.000001589604,0.000000326401,-,-,20.15
L89x76x6.4,0.00101,0.0889,0.0762,0.000001080297,0.000000258939,-,-,11.5
L89x76x7.9,0.00125,0.0889,0.0762,0.000001312385,0.000000316911,-,-,14.23
L89x76x9.5,0.00148,0.0889,0.0762,0.000001530338,0.000000373062,-,-,16.85
L89x76x13,0.00194,0.0889,0.0762,0.00000192507,0.000000481268,-,-,22.08
L89x89x6.4,0.00109,0.0889,0.0889,0.000001335274,0.000000337932,-,-,12.41
L89x89x7.9,0.00135,0.0889,0.0889,0.000001624915,0.000000414194,-,-,15.37
L89x89x9.5,0.0016,0.0889,0.0889,0.000001897984,0.000000488135,-,-,18.21
L89x89x11,0.00185,0.0889,0.0889,0.000002151988,0.000000559339,-,-,21.06
L89x89x13,0.0021,0.0889,0.0889,0.000002395499,0.000000630517,-,-,23.9
L102x76x6.4,0.00109,0.102,0.0762,0.000001430855,0.000000299009,-,-,12.41
L102x76x7.9,0.00135,0.102,0.0762,0.000001743327,0.00000036588,-,-,15.37
L102x76x9.5,0.00161,0.102,0.0762,0.000002038848,0.000000430531,-,-,18.33
L102x76x11,0.00185,0.102,0.0762,0.00000231468,0.000000492637,-,-,21.06
L102x76x13,0.0021,0.102,0.0762,0.000002580123,0.000000554596,-,-,23.9
L102x76x16,0.00258,0.102,0.0762,0.000003066223,0.000000676147,-,-,29.37
L102x89x6.4,0.00117,0.102,0.0889,0.000001689903,0.000000408348,-,-,13.32
L102x89x7.9,0.00145,0.102,0.0889,0.000002060894,0.00000050075,-,-,16.5
L102x89x9.5,0.00173,0.102,0.0889,0.000002412452,0.000000590307,-,-,19.69
L102x89x11,0.002,0.102,0.0889,0.00000274121,0.000000676451,-,-,22.77
L102x89x13,0.00226,0.102,0.0889,0.000003058155,0.0000007624,-,-,25.72
L102x102x6.4,0.00126,0.102,0.102,0.000002045036,0.000000516002,-,-,14.34
L102x102x7.9,0.00156,0.102,0.102,0.000002497399,0.000000633545,-,-,17.76
L102x102x9.5,0.00185,0.102,0.102,0.000002927394,0.000000747616,-,-,21.06
L102x102x11,0.00214,0.102,0.102,0.000003330766,0.000000857397,-,-,24.36
L102x102x13,0.00243,0.102,0.102,0.000003720894,0.000000966906,-,-,27.66
L102x102x16,0.00299,0.102,0.102,0.000004440628,0.000001180873,-,-,34.03
L102x102x19,0.00353,0.102,0.102,0.000005084433,0.000001391462,-,-,40.18
L127x76x6.4,0.00125,0.127,0.0762,0.000002370852,0.000000354382,-,-,14.23
L127x76x7.9,0.00155,0.127,0.0762,0.000002901486,0.000000433413,-,-,17.64
L127x76x9.5,0.00185,0.127,0.0762,0.000003408574,0.000000509638,-,-,21.06
L127x76x11,0.00213,0.127,0.0762,0.000003886988,0.000000582642,-,-,24.24
L127x76x13,0.00242,0.127,0.0762,0.000004352567,0.000000655217,-,-,27.55
L127x89x6.4,0.00133,0.127,0.0889,0.000002660664,0.000000509233,-,-,15.14
L127x89x7.9,0.00165,0.127,0.0889,0.00000325758,0.000000624385,-,-,18.78
L127x89x9.5,0.00197,0.127,0.0889,0.000003828478,0.000000735788,-,-,22.42
L127x89x13,0.00258,0.127,0.0889,0.000004892388,0.000000948943,-,-,29.37
L127x89x16,0.00318,0.127,0.0889,0.000005871576,0.000001155602,-,-,36.2
L127x89x19,0.00376,0.127,0.0889,0.000006762097,0.000001357738,-,-,42.8
L127x127x6.4,0.00157,0.127,0.127,0.000004021267,0.00000101126,-,-,17.87
L127x127x7.9,0.00195,0.127,0.127,0.000004933831,0.000001245001,-,-,22.2
L127x127x9.5,0.00233,0.127,0.127,0.000005810558,0.000001472466,-,-,26.52
L127x127x11,0.0027,0.127,0.127,0.000006642021,0.000001691627,-,-,30.73
L127x127x13,0.00306,0.127,0.127,0.000007455312,0.000001910123,-,-,34.83
L127x127x16,0.00379,0.127,0.127,0.000008982484,0.000002335214,-,-,43.14
L127x127x19,0.00449,0.127,0.127,0.000010383244,0.000002748918,-,-,51.11
L127x127x22,0.00515,0.127,0.127,0.000011626456,0.00000314365,-,-,58.62
L152x89x7.9,0.00185,0.152,0.0889,0.000004978633,0.000000710652,-,-,21.06
L152x89x9.5,0.0022,0.152,0.0889,0.000005868989,0.000000837136,-,-,25.04
L152x89x13,0.0029,0.152,0.0889,0.000007545921,0.000001078555,-,-,33.01
L152x89x16,0.00358,0.152,0.0889,0.000009112674,0.000001311641,-,-,40.75
L152x102x7.9,0.00195,0.152,0.102,0.000005490494,0.000000987621,-,-,22.2
L152x102x9.5,0.00233,0.152,0.102,0.000006474388,0.000001165607,-,-,26.52
L152x102x11,0.0027,0.152,0.102,0.000007410414,0.000001336469,-,-,30.73
L152x102x13,0.00306,0.152,0.102,0.00000832905,0.000001506262,-,-,34.83
L152x102x14,0.00343,0.152,0.102,0.000009213087,0.000001672327,-,-,39.04
L152x102x16,0.00379,0.152,0.102,0.000010063528,0.000001835295,-,-,43.14
L152x102x19,0.00449,0.152,0.102,0.000011667588,0.000002154358,-,-,51.11
L152x102x22,0.00515,0.152,0.102,0.000013104525,0.000002458307,-,-,58.62
L152x152x6.4,0.00189,0.152,0.152,0.000006980359,0.000001752234,-,-,21.51
L152x152x7.9,0.00235,0.152,0.152,0.000008591336,0.000002161724,-,-,26.75
L152x152x9.5,0.00281,0.152,0.152,0.000010149846,0.000002561347,-,-,31.98
L152x152x11,0.00325,0.152,0.152,0.000011638396,0.000002947135,-,-,36.99
L152x152x13,0.0037,0.152,0.152,0.000013105049,0.000003332167,-,-,42.12
L152x152x14,0.00414,0.152,0.152,0.000014522025,0.000003709861,-,-,47.12
L152x152x16,0.00458,0.152,0.152,0.000015890459,0.000004081074,-,-,52.13
L152x152x19,0.00544,0.152,0.152,0.000018486174,0.000004807372,-,-,61.92
L152x152x22,0.00626,0.152,0.152,0.000020828197,0.0000054955,-,-,71.25
L152x152x25,0.00708,0.152,0.152,0.000023076011,0.000006195827,-,-,80.59
L178x102x9.5,0.00258,0.178,0.102,0.000009450821,0.000001299083,-,-,29.37
L178x102x11,0.00298,0.178,0.102,0.000010841536,0.000001489104,-,-,33.92
L178x102x13,0.00339,0.178,0.102,0.000012213591,0.000001677734,-,-,38.59
L178x102x16,0.0042,0.178,0.102,0.00001482538,0.000002042561,-,-,47.81
L178x102x19,0.00498,0.178,0.102,0.000017268452,0.000002395262,-,-,56.68
L203x102x13,0.00371,0.203,0.102,0.000017028831,0.000001807592,-,-,42.23
L203x102x19,0.00546,0.203,0.102,0.000024238534,0.000002578938,-,-,62.15
L203x102x25,0.0071,0.203,0.102,0.000030546437,0.000003306768,-,-,80.82
L203x152x13,0.00435,0.203,0.152,0.000022595763,0.000004735423,-,-,49.51
L203x152x14,0.00487,0.203,0.152,0.000025111181,0.000005273052,-,-,55.43
L203x152x16,0.00539,0.203,0.152,0.000027557181,0.000005800841,-,-,61.35
L203x152x19,0.00642,0.203,0.152,0.000032246479,0.000006830716,-,-,73.08
L203x152x22,0.00739,0.203,0.152,0.000036540105,0.000007801521,-,-,84.12
L203x152x25,0.00837,0.203,0.152,0.000040725589,0.000008782804,-,-,95.27
L203x203x13,0.00499,0.203,0.203,0.000032226781,0.000008132197,-,-,56.8
L203x203x14,0.0056,0.203,0.203,0.000035856174,0.000009071378,-,-,63.74
L203x203x16,0.0062,0.203,0.203,0.000039394412,0.000009995529,-,-,70.57
L203x203x19,0.00739,0.203,0.203,0.00004620356,0.000011803422,-,-,84.12
L203x203x22,0.00852,0.203,0.203,0.000052469541,0.000013510619,-,-,96.98
L203x203x25,0.00967,0.203,0.203,0.000058608255,0.000015235907,-,-,110.07
L203x203x29,0.0108,0.203,0.203,0.000064423963,0.000016932103,-,-,122.93
